project_id,project_name,sector,state,original_cost,revised_cost,planned_duration_months,project_age_months,physical_progress,financial_progress,milestones_total,milestones_delayed,land_acquisition_pending,clearance_pending,funding_issue,contractor_issue,previous_schedule_deviation,actual_delay_months,actual_cost_overrun_percentage,final_status,primary_delay_cause,intervention_taken,intervention_outcome
HIST-00001,Bihar Port Connectivity Corridor - Phase 3,Ports,Bihar,254.2,259.0,13,61,98.8,100.0,4,1,0,1,0,0,-1.9,0,2.3,Completed,No material delay,No Major Intervention,Not Applicable
HIST-00002,Madhya Pradesh Container Yard Development - Phase 3,Ports,Madhya Pradesh,93.6,105.7,67,87,84.6,70.3,17,1,1,0,1,0,1.8,0,4.8,Completed,No material delay,Inter-Department Coordination,Successful
HIST-00003,Madhya Pradesh State Highway Upgradation - Phase 2,Roads,Madhya Pradesh,85.5,97.4,40,58,100.0,90.0,9,0,0,1,1,1,-3.8,1,7.0,Completed with Cost Overrun,No material delay,Additional Funding Approval,Successful
HIST-00004,Gujarat Port Terminal Expansion - Phase 1,Ports,Gujarat,261.4,276.8,37,18,46.3,55.6,10,0,0,0,0,1,-8.2,1,2.6,Under Review,No material delay,Contractor Replacement,Successful
HIST-00005,Karnataka Affordable Housing Scheme - Phase 3,Urban Development,Karnataka,412.6,482.9,12,45,100.0,100.0,4,1,1,0,1,0,7.1,5,9.5,Delayed,Land acquisition,Land Acquisition Task Force,Successful
HIST-00006,Andhra Pradesh Sewerage Network Upgrade - Phase 2,Urban Development,Andhra Pradesh,161.2,181.5,25,86,84.4,96.6,6,2,0,1,0,1,11.7,3,7.0,Delayed,Milestone slippage,Contractor Replacement,Successful
HIST-00007,Madhya Pradesh Urban Renewal Mission - Phase 3,Urban Development,Madhya Pradesh,371.5,376.3,26,47,100.0,96.0,7,0,0,0,0,0,5.8,3,2.6,Delayed,Other execution delay,No Major Intervention,Not Applicable
HIST-00008,Odisha Solar Power Park - Phase 1,Power,Odisha,327.8,335.8,49,55,100.0,100.0,9,1,0,0,0,0,6.1,4,3.7,Delayed,Other execution delay,No Major Intervention,Not Applicable
HIST-00009,Karnataka National Highway Widening - Phase 3,Roads,Karnataka,374.5,429.0,49,83,100.0,100.0,13,2,1,0,0,1,3.0,5,10.0,Delayed,Land acquisition,Land Acquisition Task Force,Successful
HIST-00010,Andhra Pradesh Affordable Housing Scheme - Phase 1,Urban Development,Andhra Pradesh,185.2,194.9,65,46,65.0,58.6,18,0,0,0,0,0,-6.9,0,5.6,Completed with Cost Overrun,No material delay,No Major Intervention,Not Applicable
HIST-00011,Karnataka Airport Cargo Complex - Phase 1,Airports,Karnataka,243.6,258.6,19,74,92.2,85.8,6,2,0,0,0,0,9.5,0,6.6,Completed with Cost Overrun,No material delay,No Major Intervention,Not Applicable
HIST-00012,Uttar Pradesh Container Yard Development - Phase 3,Ports,Uttar Pradesh,255.6,256.0,56,42,83.2,74.9,12,0,1,0,0,0,1.1,5,0.0,Delayed,Land acquisition,Contractor Replacement,No Significant Improvement
HIST-00013,Uttar Pradesh Airport Cargo Complex - Phase 2,Airports,Uttar Pradesh,182.6,199.8,81,15,16.6,17.5,19,3,1,0,0,0,1.5,5,6.9,Under Review,Land acquisition,Land Acquisition Task Force,Successful
HIST-00014,West Bengal Thermal Power Plant Modernisation - Phase 1,Power,West Bengal,327.8,327.8,30,75,100.0,97.1,7,2,0,0,0,0,2.0,3,0.0,Delayed,Milestone slippage,No Major Intervention,Not Applicable
HIST-00015,Telangana Sewerage Network Upgrade - Phase 1,Urban Development,Telangana,1019.7,1033.5,40,29,72.8,83.6,8,0,0,0,0,0,-12.0,0,2.3,Under Review,No material delay,No Major Intervention,Not Applicable
HIST-00016,West Bengal Expressway Corridor - Phase 2,Roads,West Bengal,1112.2,1179.5,44,54,97.6,100.0,14,0,1,0,0,1,-1.5,4,5.9,Delayed,Land acquisition,Land Acquisition Task Force,No Significant Improvement
HIST-00017,Bihar Airport Cargo Complex - Phase 1,Airports,Bihar,375.3,392.1,68,23,52.4,57.5,14,1,0,0,0,0,4.0,1,4.6,Under Review,No material delay,No Major Intervention,Not Applicable
HIST-00018,Rajasthan State Highway Upgradation - Phase 3,Roads,Rajasthan,433.6,435.4,39,76,100.0,100.0,9,0,0,0,0,0,1.0,1,0.0,Completed,No material delay,No Major Intervention,Not Applicable
HIST-00019,Haryana Rail Line Doubling - Phase 2,Railways,Haryana,124.5,128.5,49,65,100.0,91.5,14,0,0,1,0,0,-4.4,3,1.8,Delayed,Pending clearance,Inter-Department Coordination,Partially Successful
HIST-00020,Rajasthan Urban Renewal Mission - Phase 1,Urban Development,Rajasthan,288.1,323.8,56,74,99.7,100.0,12,3,0,1,0,0,9.1,3,7.9,Delayed,Milestone slippage,Land Acquisition Task Force,Successful
HIST-00021,Tamil Nadu Railway Electrification Project - Phase 2,Railways,Tamil Nadu,81.7,90.0,39,50,100.0,100.0,12,0,1,0,0,1,3.4,7,11.6,Delayed,Land acquisition,Land Acquisition Task Force,No Significant Improvement
HIST-00022,Maharashtra Transmission Line Augmentation - Phase 3,Power,Maharashtra,210.8,217.4,52,23,51.4,60.5,10,1,0,0,0,0,5.6,0,5.8,Under Review,No material delay,No Major Intervention,Not Applicable
HIST-00023,Tamil Nadu Rail Line Doubling - Phase 1,Railways,Tamil Nadu,1431.1,1515.1,61,13,3.8,3.1,20,0,0,0,0,0,-10.1,0,6.2,Under Review,No material delay,No Major Intervention,Not Applicable
HIST-00024,Andhra Pradesh National Highway Widening - Phase 1,Roads,Andhra Pradesh,268.4,286.9,66,77,98.6,100.0,16,1,0,1,0,0,-4.0,0,6.7,Completed with Cost Overrun,No material delay,No Major Intervention,Not Applicable
HIST-00025,Maharashtra Metro Rail Extension - Phase 2,Railways,Maharashtra,116.8,131.0,55,81,100.0,100.0,10,0,1,0,0,1,-2.6,0,11.8,Completed with Cost Overrun,No material delay,Contractor Replacement,Partially Successful
HIST-00026,Uttar Pradesh Thermal Power Plant Modernisation - Phase 3,Power,Uttar Pradesh,264.0,291.1,47,25,31.0,38.1,11,2,1,0,0,0,7.4,7,9.1,Under Review,Land acquisition,Land Acquisition Task Force,Partially Successful
HIST-00027,Gujarat Substation Capacity Expansion - Phase 3,Power,Gujarat,88.7,103.6,19,56,100.0,89.1,4,1,1,0,1,0,5.3,5,9.9,Delayed,Land acquisition,Land Acquisition Task Force,Successful
HIST-00028,Karnataka Water Supply Augmentation - Phase 1,Water Resources,Karnataka,193.4,193.6,59,21,36.4,40.1,17,2,0,0,0,0,3.2,4,1.5,Under Review,Milestone slippage,No Major Intervention,Not Applicable
HIST-00029,Jharkhand Thermal Power Plant Modernisation - Phase 3,Power,Jharkhand,251.9,259.6,51,23,47.3,50.6,11,0,1,0,0,0,2.5,0,0.0,Under Review,No material delay,Contractor Replacement,Successful
HIST-00030,Haryana Irrigation Canal Modernisation - Phase 2,Water Resources,Haryana,279.7,311.0,13,89,100.0,91.7,4,0,1,1,0,0,5.7,0,8.3,Completed with Cost Overrun,No material delay,Inter-Department Coordination,Partially Successful
HIST-00031,West Bengal Rail Line Doubling - Phase 2,Railways,West Bengal,107.6,110.7,48,63,100.0,89.7,13,0,1,0,0,0,-2.0,0,2.7,Completed,No material delay,No Major Intervention,Not Applicable
HIST-00032,Jharkhand Affordable Housing Scheme - Phase 1,Urban Development,Jharkhand,152.6,171.5,36,8,29.9,19.9,9,2,0,1,1,0,11.9,8,10.6,Delayed,Milestone slippage,Additional Funding Approval,Partially Successful
HIST-00033,Rajasthan Container Yard Development - Phase 1,Ports,Rajasthan,335.0,335.3,41,54,100.0,100.0,11,2,0,0,0,0,-2.1,0,0.1,Completed,No material delay,No Major Intervention,Not Applicable
HIST-00034,Karnataka Rail Line Doubling - Phase 1,Railways,Karnataka,627.3,641.2,38,46,94.9,95.3,11,1,0,0,0,0,2.4,1,3.1,Completed,No material delay,No Major Intervention,Not Applicable
HIST-00035,Telangana Smart City Development - Phase 3,Urban Development,Telangana,334.3,364.0,36,83,100.0,99.7,8,1,0,0,1,0,9.2,3,5.6,Delayed,Funding release,Additional Funding Approval,Partially Successful
HIST-00036,Uttar Pradesh Airport Cargo Complex - Phase 2,Airports,Uttar Pradesh,474.0,490.3,50,54,100.0,95.6,12,1,0,1,0,0,0.6,0,5.4,Completed with Cost Overrun,No material delay,No Major Intervention,Not Applicable
HIST-00037,Karnataka Sewerage Network Upgrade - Phase 1,Urban Development,Karnataka,115.7,126.9,14,32,97.3,99.5,4,0,0,0,1,0,8.7,1,7.1,Completed with Cost Overrun,No material delay,Additional Funding Approval,Partially Successful
HIST-00038,West Bengal Transmission Line Augmentation - Phase 2,Power,West Bengal,131.3,137.4,54,59,100.0,100.0,13,0,0,0,1,0,0.7,0,4.0,Completed,No material delay,Additional Funding Approval,Partially Successful
HIST-00039,Maharashtra Solar Power Park - Phase 3,Power,Maharashtra,116.0,122.6,44,33,69.8,76.3,15,0,0,0,1,0,-3.7,0,6.1,Completed with Cost Overrun,No material delay,Additional Funding Approval,Partially Successful
HIST-00040,West Bengal Airport Cargo Complex - Phase 2,Airports,West Bengal,196.3,198.3,64,20,41.9,33.0,15,0,0,0,0,0,-5.1,1,0.2,Under Review,No material delay,No Major Intervention,Not Applicable
HIST-00041,Rajasthan Airport Terminal Development - Phase 3,Airports,Rajasthan,240.4,250.3,51,47,73.5,54.6,14,3,0,0,0,0,9.1,3,3.7,Delayed,Milestone slippage,Milestone Restructuring,Successful
HIST-00042,Kerala Ring Road Development - Phase 2,Roads,Kerala,214.1,255.4,40,77,96.9,95.3,7,2,1,0,0,1,3.3,10,15.7,Delayed,Land acquisition,Land Acquisition Task Force,Partially Successful
HIST-00043,Haryana Container Yard Development - Phase 3,Ports,Haryana,551.6,628.8,65,86,97.0,100.0,14,2,0,0,0,1,10.0,0,8.9,Completed with Cost Overrun,No material delay,Contractor Replacement,Successful
HIST-00044,West Bengal Sewerage Network Upgrade - Phase 2,Urban Development,West Bengal,567.1,592.1,44,50,100.0,95.4,11,0,0,0,0,1,3.7,0,5.7,Completed with Cost Overrun,No material delay,No Major Intervention,Not Applicable
HIST-00045,Andhra Pradesh State Highway Upgradation - Phase 1,Roads,Andhra Pradesh,97.9,107.8,45,83,99.6,90.9,8,2,0,0,0,1,1.7,0,5.5,Completed with Cost Overrun,No material delay,Contractor Replacement,Successful
HIST-00046,Kerala Container Yard Development - Phase 3,Ports,Kerala,484.6,505.7,51,18,28.8,29.9,13,1,0,1,0,0,1.5,0,4.0,Under Review,No material delay,No Major Intervention,Not Applicable
HIST-00047,Bihar Runway Expansion Project - Phase 2,Airports,Bihar,338.1,354.0,90,37,53.8,74.2,23,0,0,0,1,0,0.6,1,5.9,Under Review,No material delay,Additional Funding Approval,No Significant Improvement
HIST-00048,Gujarat River Interlinking Scheme - Phase 3,Water Resources,Gujarat,225.7,235.4,18,50,99.5,100.0,11,1,0,0,0,0,4.0,1,4.1,Completed,No material delay,No Major Intervention,Not Applicable
HIST-00049,Bihar Rail Line Doubling - Phase 1,Railways,Bihar,166.6,180.2,25,36,87.5,92.1,8,1,1,0,0,0,2.3,0,8.2,Completed with Cost Overrun,No material delay,No Major Intervention,Not Applicable
HIST-00050,Andhra Pradesh Substation Capacity Expansion - Phase 1,Power,Andhra Pradesh,437.5,489.7,42,69,99.9,99.9,12,1,1,0,0,0,5.5,7,13.1,Delayed,Land acquisition,Land Acquisition Task Force,No Significant Improvement
HIST-00051,Maharashtra State Highway Upgradation - Phase 2,Roads,Maharashtra,391.6,393.2,43,11,21.0,10.1,8,2,0,0,0,0,5.7,0,0.0,Under Review,No material delay,No Major Intervention,Not Applicable
HIST-00052,Gujarat Sewerage Network Upgrade - Phase 1,Urban Development,Gujarat,134.4,135.4,64,70,100.0,100.0,17,0,0,0,0,0,2.6,1,0.3,Completed,No material delay,No Major Intervention,Not Applicable
HIST-00053,West Bengal Ring Road Development - Phase 3,Roads,West Bengal,1585.1,1848.2,12,16,93.1,90.4,5,2,0,1,1,0,8.3,5,12.5,Delayed,Milestone slippage,Additional Funding Approval,Partially Successful
HIST-00054,Rajasthan Airport Cargo Complex - Phase 3,Airports,Rajasthan,159.2,166.7,63,9,23.8,19.2,16,1,0,0,0,0,0.2,1,3.4,Under Review,No material delay,No Major Intervention,Not Applicable
HIST-00055,Madhya Pradesh Runway Expansion Project - Phase 2,Airports,Madhya Pradesh,407.6,409.9,54,15,29.5,40.3,15,1,0,0,0,0,-0.7,0,0.8,Under Review,No material delay,No Major Intervention,Not Applicable
HIST-00056,Madhya Pradesh Ring Road Development - Phase 1,Roads,Madhya Pradesh,88.9,88.9,52,43,81.1,87.1,14,0,1,0,0,0,3.1,6,0.1,Under Review,Land acquisition,Land Acquisition Task Force,No Significant Improvement
HIST-00057,Tamil Nadu State Highway Upgradation - Phase 3,Roads,Tamil Nadu,205.3,213.3,62,32,52.5,49.9,21,1,0,0,0,0,4.8,0,2.7,Under Review,No material delay,Contractor Replacement,No Significant Improvement
HIST-00058,Kerala Water Supply Augmentation - Phase 2,Water Resources,Kerala,154.0,159.6,47,44,94.1,87.7,12,1,0,0,0,0,1.0,2,3.4,Under Review,Other execution delay,No Major Intervention,Not Applicable
HIST-00059,Madhya Pradesh Airport Cargo Complex - Phase 3,Airports,Madhya Pradesh,1039.1,1055.8,56,13,16.4,0.0,17,0,1,0,0,0,-2.1,0,1.1,Under Review,No material delay,No Major Intervention,Not Applicable
HIST-00060,West Bengal Metro Rail Extension - Phase 1,Railways,West Bengal,100.7,107.3,47,9,24.9,9.4,13,1,0,0,0,1,-2.4,0,7.3,Under Review,No material delay,Contractor Replacement,No Significant Improvement
HIST-00061,Maharashtra Transmission Line Augmentation - Phase 3,Power,Maharashtra,206.0,206.0,54,14,23.7,18.4,13,1,0,0,0,0,-0.6,1,0.5,Under Review,No material delay,No Major Intervention,Not Applicable
HIST-00062,Gujarat Airport Cargo Complex - Phase 3,Airports,Gujarat,313.7,322.6,21,49,98.7,100.0,5,1,0,1,0,0,0.6,1,3.1,Completed,No material delay,No Major Intervention,Not Applicable
HIST-00063,Bihar State Highway Upgradation - Phase 2,Roads,Bihar,391.9,400.4,12,28,90.0,95.2,4,1,0,0,0,0,12.2,0,1.8,Completed,No material delay,Additional Funding Approval,Partially Successful
HIST-00064,Bihar Container Yard Development - Phase 1,Ports,Bihar,696.2,700.7,40,86,100.0,87.9,11,0,0,0,0,0,-0.0,0,0.1,Completed,No material delay,No Major Intervention,Not Applicable
HIST-00065,Jharkhand Affordable Housing Scheme - Phase 3,Urban Development,Jharkhand,154.1,170.3,64,50,82.9,84.4,16,0,0,0,1,0,-3.7,1,8.1,Under Review,No material delay,Additional Funding Approval,Partially Successful
HIST-00066,Uttar Pradesh Urban Renewal Mission - Phase 2,Urban Development,Uttar Pradesh,114.1,116.9,24,57,88.4,91.3,4,1,0,0,0,0,5.1,1,2.5,Completed,No material delay,No Major Intervention,Not Applicable
HIST-00067,Telangana Rail Line Doubling - Phase 1,Railways,Telangana,358.7,408.4,33,83,93.3,96.1,10,0,1,1,0,0,3.2,1,13.3,Completed with Cost Overrun,No material delay,Inter-Department Coordination,No Significant Improvement
HIST-00068,Odisha Airport Terminal Development - Phase 2,Airports,Odisha,363.8,375.0,60,64,99.5,100.0,18,0,0,0,0,0,6.5,0,3.7,Completed,No material delay,No Major Intervention,Not Applicable
HIST-00069,Tamil Nadu Freight Corridor Development - Phase 2,Railways,Tamil Nadu,76.9,88.1,30,16,37.1,51.7,12,2,1,0,0,1,-1.6,8,15.2,Delayed,Land acquisition,Land Acquisition Task Force,No Significant Improvement
HIST-00070,West Bengal Smart City Development - Phase 2,Urban Development,West Bengal,823.5,823.5,50,22,38.6,52.4,13,1,0,0,0,0,-1.6,2,0.0,Under Review,Other execution delay,No Major Intervention,Not Applicable
HIST-00071,Rajasthan Expressway Corridor - Phase 1,Roads,Rajasthan,179.1,200.1,61,86,100.0,100.0,15,0,1,0,1,0,-6.5,6,12.7,Delayed,Land acquisition,Land Acquisition Task Force,No Significant Improvement
HIST-00072,Andhra Pradesh Smart City Development - Phase 3,Urban Development,Andhra Pradesh,196.2,207.7,64,73,100.0,74.4,14,0,0,0,0,0,-6.7,1,3.6,Completed,No material delay,Additional Funding Approval,Partially Successful
HIST-00073,Maharashtra Railway Electrification Project - Phase 2,Railways,Maharashtra,463.2,506.4,36,14,42.5,34.1,10,0,0,1,1,0,-0.7,0,8.2,Under Review,No material delay,Additional Funding Approval,No Significant Improvement
HIST-00074,Bihar Port Connectivity Corridor - Phase 3,Ports,Bihar,228.4,245.7,57,78,95.4,80.8,15,0,1,0,0,0,4.8,3,2.8,Delayed,Land acquisition,Additional Funding Approval,Successful
HIST-00075,Haryana National Highway Widening - Phase 2,Roads,Haryana,463.8,510.8,47,67,100.0,100.0,14,4,0,0,0,0,14.6,5,4.8,Delayed,Milestone slippage,Milestone Restructuring,Successful
HIST-00076,Maharashtra National Highway Widening - Phase 1,Roads,Maharashtra,653.8,678.4,67,28,39.4,33.4,15,0,0,1,1,0,-6.0,0,2.1,Under Review,No material delay,Additional Funding Approval,Successful
HIST-00077,Odisha National Highway Widening - Phase 1,Roads,Odisha,1693.4,1768.9,53,37,65.8,81.1,15,0,1,0,0,0,4.9,6,4.5,Under Review,Land acquisition,Land Acquisition Task Force,Partially Successful
HIST-00078,Haryana Container Yard Development - Phase 1,Ports,Haryana,105.6,109.5,48,11,27.0,23.0,12,1,0,0,0,0,2.0,1,3.7,Completed,No material delay,No Major Intervention,Not Applicable
HIST-00079,Jharkhand National Highway Widening - Phase 1,Roads,Jharkhand,415.3,424.0,36,26,68.3,71.6,11,0,0,1,0,0,-3.8,1,2.1,Completed,No material delay,No Major Intervention,Not Applicable
HIST-00080,Karnataka Affordable Housing Scheme - Phase 1,Urban Development,Karnataka,56.0,57.1,27,9,33.5,17.0,4,1,0,0,0,0,-2.9,0,2.6,Under Review,No material delay,No Major Intervention,Not Applicable
HIST-00081,Karnataka State Highway Upgradation - Phase 3,Roads,Karnataka,60.6,66.0,37,89,89.5,74.3,7,0,0,0,1,0,6.7,0,3.4,Completed,No material delay,Additional Funding Approval,Successful
HIST-00082,Andhra Pradesh River Interlinking Scheme - Phase 3,Water Resources,Andhra Pradesh,59.7,68.8,36,60,100.0,83.9,7,0,1,1,1,0,1.9,7,13.6,Delayed,Land acquisition,Land Acquisition Task Force,Partially Successful
HIST-00083,Andhra Pradesh Port Terminal Expansion - Phase 3,Ports,Andhra Pradesh,901.9,997.3,36,52,91.3,80.4,9,1,0,1,1,0,-2.3,0,11.7,Completed with Cost Overrun,No material delay,Land Acquisition Task Force,No Significant Improvement
HIST-00084,Maharashtra State Highway Upgradation - Phase 3,Roads,Maharashtra,281.4,286.0,55,54,100.0,100.0,14,0,1,0,0,0,-0.5,0,1.5,Completed,No material delay,No Major Intervention,Not Applicable
HIST-00085,Telangana National Highway Widening - Phase 2,Roads,Telangana,908.6,930.9,46,78,86.9,100.0,14,1,0,1,0,0,5.5,1,0.6,Completed,No material delay,Contractor Replacement,Successful
HIST-00086,Maharashtra Thermal Power Plant Modernisation - Phase 2,Power,Maharashtra,210.1,230.2,70,34,58.8,67.7,18,2,0,0,1,0,-0.3,4,8.4,Under Review,Milestone slippage,Additional Funding Approval,No Significant Improvement
HIST-00087,Kerala Metro Rail Extension - Phase 3,Railways,Kerala,184.1,194.4,44,67,92.2,91.2,12,1,1,0,0,0,-3.3,0,7.1,Completed with Cost Overrun,No material delay,No Major Intervention,Not Applicable
HIST-00088,Rajasthan Runway Expansion Project - Phase 3,Airports,Rajasthan,241.7,248.7,44,47,100.0,100.0,8,0,0,1,0,0,5.2,3,2.1,Delayed,Pending clearance,Inter-Department Coordination,Partially Successful
HIST-00089,Rajasthan Metro Rail Extension - Phase 1,Railways,Rajasthan,69.5,71.9,74,56,77.7,75.8,17,0,1,0,0,0,-3.6,1,3.9,Under Review,No material delay,No Major Intervention,Not Applicable
HIST-00090,Haryana Expressway Corridor - Phase 1,Roads,Haryana,137.0,138.0,28,69,100.0,100.0,5,0,0,0,0,0,-1.9,0,1.6,Completed,No material delay,No Major Intervention,Not Applicable
HIST-00091,Odisha National Highway Widening - Phase 3,Roads,Odisha,133.3,160.1,38,55,83.8,76.8,10,1,1,0,1,0,0.7,2,12.6,Delayed,Land acquisition,Land Acquisition Task Force,Successful
HIST-00092,Maharashtra Railway Electrification Project - Phase 2,Railways,Maharashtra,157.0,183.7,48,21,39.7,38.4,12,3,1,0,0,1,5.0,5,8.6,Under Review,Land acquisition,Land Acquisition Task Force,Successful
HIST-00093,Haryana State Highway Upgradation - Phase 2,Roads,Haryana,188.9,213.4,28,68,100.0,97.7,6,1,1,0,0,1,9.5,7,13.0,Delayed,Land acquisition,Land Acquisition Task Force,No Significant Improvement
HIST-00094,Karnataka Substation Capacity Expansion - Phase 3,Power,Karnataka,204.8,212.0,46,65,83.6,72.5,6,2,0,0,1,0,3.9,0,2.0,Completed,No material delay,Additional Funding Approval,Successful
HIST-00095,Rajasthan River Interlinking Scheme - Phase 3,Water Resources,Rajasthan,484.8,502.8,75,40,51.2,57.1,20,1,0,0,0,0,0.1,2,4.2,Delayed,Other execution delay,No Major Intervention,Not Applicable
HIST-00096,Madhya Pradesh Urban Renewal Mission - Phase 2,Urban Development,Madhya Pradesh,311.1,313.8,59,40,49.8,47.3,14,2,0,0,0,0,5.4,0,1.8,Completed,No material delay,No Major Intervention,Not Applicable
HIST-00097,Gujarat National Highway Widening - Phase 2,Roads,Gujarat,208.2,241.5,67,76,88.6,85.8,19,2,1,0,0,0,4.2,0,16.0,Completed with Cost Overrun,No material delay,No Major Intervention,Not Applicable
HIST-00098,Karnataka Runway Expansion Project - Phase 3,Airports,Karnataka,85.8,91.8,31,24,75.2,78.4,7,0,0,0,1,0,-5.4,1,7.6,Under Review,No material delay,Additional Funding Approval,No Significant Improvement
HIST-00099,Karnataka Container Yard Development - Phase 3,Ports,Karnataka,380.7,439.3,12,20,95.5,100.0,5,2,1,1,0,1,6.1,0,12.9,Completed with Cost Overrun,No material delay,Contractor Replacement,Partially Successful
HIST-00100,Bihar Ring Road Development - Phase 1,Roads,Bihar,294.3,307.0,41,69,100.0,98.3,12,0,1,0,0,0,9.1,4,2.7,Delayed,Land acquisition,Land Acquisition Task Force,No Significant Improvement
HIST-00101,Madhya Pradesh Rail Line Doubling - Phase 3,Railways,Madhya Pradesh,457.0,457.0,34,27,74.5,69.7,9,0,1,0,0,0,1.5,5,0.5,Delayed,Land acquisition,Land Acquisition Task Force,Partially Successful
HIST-00102,Tamil Nadu Water Supply Augmentation - Phase 1,Water Resources,Tamil Nadu,186.7,216.8,21,15,72.9,66.9,4,2,1,1,0,1,4.9,3,11.0,Under Review,Land acquisition,Land Acquisition Task Force,Successful
HIST-00103,Kerala Solar Power Park - Phase 1,Power,Kerala,70.2,81.9,36,15,25.7,43.1,8,6,1,1,0,0,12.5,18,15.6,Under Review,Land acquisition,Contractor Replacement,No Significant Improvement
HIST-00104,Gujarat Freight Corridor Development - Phase 2,Railways,Gujarat,192.2,199.2,56,30,57.3,59.2,10,1,0,0,0,0,10.1,0,2.9,Under Review,No material delay,No Major Intervention,Not Applicable
HIST-00105,Karnataka Metro Rail Extension - Phase 2,Railways,Karnataka,128.8,135.5,57,22,35.7,42.1,14,0,1,0,0,0,5.6,0,5.1,Under Review,No material delay,No Major Intervention,Not Applicable
HIST-00106,Maharashtra Runway Expansion Project - Phase 1,Airports,Maharashtra,478.8,493.7,79,56,68.1,75.3,20,0,0,0,0,0,-0.3,0,2.5,Completed,No material delay,No Major Intervention,Not Applicable
HIST-00107,Tamil Nadu Expressway Corridor - Phase 3,Roads,Tamil Nadu,625.8,641.1,26,14,45.2,33.7,8,0,1,1,0,0,2.4,1,0.9,Completed,No material delay,Inter-Department Coordination,Partially Successful
HIST-00108,Bihar Thermal Power Plant Modernisation - Phase 1,Power,Bihar,388.3,420.7,47,15,20.3,3.8,14,1,0,0,0,0,-1.3,0,7.3,Under Review,No material delay,No Major Intervention,Not Applicable
HIST-00109,Telangana National Highway Widening - Phase 1,Roads,Telangana,4413.9,4810.6,35,36,94.5,76.9,8,2,0,0,0,0,14.8,0,7.9,Completed with Cost Overrun,No material delay,No Major Intervention,Not Applicable
HIST-00110,Uttar Pradesh Runway Expansion Project - Phase 2,Airports,Uttar Pradesh,530.2,538.0,43,37,76.0,84.7,12,0,0,0,0,0,-5.2,1,3.5,Completed,No material delay,No Major Intervention,Not Applicable
HIST-00111,Bihar Affordable Housing Scheme - Phase 3,Urban Development,Bihar,39.4,46.5,41,80,96.6,72.3,10,3,1,0,0,1,9.6,0,18.1,Completed with Cost Overrun,No material delay,Contractor Replacement,No Significant Improvement
HIST-00112,Madhya Pradesh Thermal Power Plant Modernisation - Phase 3,Power,Madhya Pradesh,130.6,144.5,52,27,61.5,54.5,12,0,1,1,0,1,-1.1,6,8.2,Delayed,Land acquisition,Land Acquisition Task Force,Partially Successful
HIST-00113,Uttar Pradesh Dam Rehabilitation Project - Phase 2,Water Resources,Uttar Pradesh,171.4,199.0,45,38,72.9,85.9,10,4,1,0,0,0,17.6,7,8.7,Under Review,Land acquisition,Land Acquisition Task Force,Successful
HIST-00114,Uttar Pradesh Expressway Corridor - Phase 1,Roads,Uttar Pradesh,136.1,158.2,26,65,84.7,80.2,9,4,0,0,1,0,16.0,7,12.2,Delayed,Milestone slippage,Additional Funding Approval,Partially Successful
HIST-00115,Haryana Transmission Line Augmentation - Phase 1,Power,Haryana,269.0,292.6,66,56,96.7,100.0,16,0,1,1,0,0,-2.5,7,8.1,Delayed,Land acquisition,Land Acquisition Task Force,Partially Successful
HIST-00116,Gujarat Smart City Development - Phase 2,Urban Development,Gujarat,86.7,93.6,31,27,75.8,76.7,6,3,0,0,1,0,1.6,0,7.4,Under Review,No material delay,Additional Funding Approval,No Significant Improvement
HIST-00117,Haryana Ring Road Development - Phase 2,Roads,Haryana,422.4,447.2,39,37,98.4,100.0,9,1,1,0,0,0,1.0,0,7.4,Under Review,No material delay,No Major Intervention,Not Applicable
HIST-00118,Haryana State Highway Upgradation - Phase 3,Roads,Haryana,424.5,474.9,30,11,42.8,52.4,4,0,1,1,0,1,-6.8,8,8.0,Under Review,Land acquisition,Land Acquisition Task Force,Partially Successful
HIST-00119,Uttar Pradesh Port Terminal Expansion - Phase 3,Ports,Uttar Pradesh,246.6,265.9,25,69,95.7,86.7,4,0,0,0,0,1,5.9,0,6.6,Under Review,No material delay,Contractor Replacement,Partially Successful
HIST-00120,Telangana Expressway Corridor - Phase 3,Roads,Telangana,287.1,311.1,26,85,100.0,100.0,6,1,0,0,1,0,-2.4,2,5.6,Delayed,Funding release,Additional Funding Approval,Successful
HIST-00121,West Bengal Port Terminal Expansion - Phase 2,Ports,West Bengal,166.0,192.1,39,17,48.7,39.8,13,1,1,0,0,1,-1.6,0,14.5,Under Review,No material delay,Contractor Replacement,No Significant Improvement
HIST-00122,Haryana Expressway Corridor - Phase 1,Roads,Haryana,287.1,289.7,23,23,100.0,91.8,7,0,0,1,0,0,3.7,3,2.3,Delayed,Pending clearance,Inter-Department Coordination,No Significant Improvement
HIST-00123,Tamil Nadu Smart City Development - Phase 1,Urban Development,Tamil Nadu,329.6,333.9,61,31,43.7,48.0,10,1,0,0,0,0,11.0,6,1.7,Under Review,Other execution delay,No Major Intervention,Not Applicable
HIST-00124,Haryana National Highway Widening - Phase 1,Roads,Haryana,184.4,190.7,67,75,100.0,93.0,17,0,1,1,0,0,2.8,0,0.8,Completed,No material delay,Land Acquisition Task Force,Partially Successful
HIST-00125,Gujarat Dam Rehabilitation Project - Phase 3,Water Resources,Gujarat,288.3,291.2,65,22,40.3,44.0,17,0,1,0,0,0,-4.2,1,0.8,Under Review,No material delay,No Major Intervention,Not Applicable
HIST-00126,Madhya Pradesh National Highway Widening - Phase 3,Roads,Madhya Pradesh,140.4,142.1,38,60,95.2,100.0,7,2,0,0,0,0,1.1,3,2.0,Delayed,Milestone slippage,No Major Intervention,Not Applicable
HIST-00127,West Bengal Container Yard Development - Phase 2,Ports,West Bengal,759.6,772.9,36,30,82.6,100.0,9,1,0,0,0,0,4.8,0,3.0,Completed,No material delay,No Major Intervention,Not Applicable
HIST-00128,Haryana Rail Line Doubling - Phase 2,Railways,Haryana,440.6,452.8,32,68,100.0,100.0,7,0,0,0,0,0,6.1,2,2.6,Delayed,Other execution delay,No Major Intervention,Not Applicable
HIST-00129,West Bengal Water Supply Augmentation - Phase 2,Water Resources,West Bengal,138.2,153.8,16,66,100.0,97.0,7,1,1,1,0,0,3.3,5,6.0,Delayed,Land acquisition,Land Acquisition Task Force,Successful
HIST-00130,Madhya Pradesh Freight Corridor Development - Phase 3,Railways,Madhya Pradesh,839.8,943.6,49,27,46.7,49.0,14,3,1,0,0,0,7.3,0,11.0,Under Review,No material delay,Milestone Restructuring,No Significant Improvement
HIST-00131,Jharkhand Ring Road Development - Phase 2,Roads,Jharkhand,217.6,218.2,57,19,41.1,39.1,16,0,0,0,0,0,-3.0,0,0.8,Under Review,No material delay,No Major Intervention,Not Applicable
HIST-00132,Telangana Transmission Line Augmentation - Phase 1,Power,Telangana,458.0,494.5,68,76,100.0,100.0,18,1,1,1,0,0,-4.5,6,3.4,Delayed,Land acquisition,Land Acquisition Task Force,Successful
HIST-00133,Maharashtra Metro Rail Extension - Phase 3,Railways,Maharashtra,386.1,466.2,13,87,100.0,100.0,4,1,1,1,1,0,6.5,4,11.9,Delayed,Land acquisition,Land Acquisition Task Force,Successful
HIST-00134,Telangana Thermal Power Plant Modernisation - Phase 3,Power,Telangana,295.8,295.8,18,21,94.9,95.8,4,1,0,0,0,0,3.3,1,0.8,Completed,No material delay,Inter-Department Coordination,No Significant Improvement
HIST-00135,Rajasthan Irrigation Canal Modernisation - Phase 1,Water Resources,Rajasthan,1047.7,1240.7,32,70,91.2,80.4,8,1,1,0,0,1,6.2,4,11.0,Delayed,Land acquisition,Land Acquisition Task Force,Successful
HIST-00136,Kerala Smart City Development - Phase 2,Urban Development,Kerala,874.6,966.3,35,16,46.2,45.5,7,4,0,0,0,0,9.9,2,5.6,Delayed,Milestone slippage,Milestone Restructuring,Successful
HIST-00137,Maharashtra Runway Expansion Project - Phase 3,Airports,Maharashtra,729.1,755.1,69,15,7.8,0.0,16,1,0,0,0,0,5.8,0,2.7,Under Review,No material delay,No Major Intervention,Not Applicable
HIST-00138,Bihar Rail Line Doubling - Phase 3,Railways,Bihar,844.9,881.0,46,21,35.2,39.4,10,0,0,0,1,0,-5.5,0,2.2,Completed,No material delay,Additional Funding Approval,Partially Successful
HIST-00139,Kerala Runway Expansion Project - Phase 3,Airports,Kerala,214.0,221.0,24,7,33.1,40.4,10,2,0,0,0,0,3.2,0,3.6,Under Review,No material delay,No Major Intervention,Not Applicable
HIST-00140,Gujarat Transmission Line Augmentation - Phase 2,Power,Gujarat,234.8,246.7,54,70,100.0,97.7,12,0,1,0,0,0,3.4,1,2.8,Completed,No material delay,Land Acquisition Task Force,Successful
HIST-00141,Bihar Transmission Line Augmentation - Phase 3,Power,Bihar,1295.1,1348.5,50,37,85.3,82.8,11,1,0,0,0,0,-1.9,0,5.6,Under Review,No material delay,No Major Intervention,Not Applicable
HIST-00142,Madhya Pradesh Smart City Development - Phase 2,Urban Development,Madhya Pradesh,253.7,259.5,22,59,100.0,100.0,7,0,0,0,0,1,7.1,1,1.0,Completed,No material delay,Contractor Replacement,Partially Successful
HIST-00143,Maharashtra Port Connectivity Corridor - Phase 1,Ports,Maharashtra,378.0,395.4,67,75,100.0,83.1,16,0,1,0,0,0,5.3,0,4.1,Completed,No material delay,No Major Intervention,Not Applicable
HIST-00144,Haryana Freight Corridor Development - Phase 2,Railways,Haryana,152.2,157.5,25,53,100.0,100.0,5,0,0,0,0,0,3.6,1,3.2,Completed,No material delay,No Major Intervention,Not Applicable
HIST-00145,Tamil Nadu Thermal Power Plant Modernisation - Phase 1,Power,Tamil Nadu,956.0,956.7,55,43,71.7,73.3,12,0,0,0,0,0,-0.8,0,0.0,Completed,No material delay,No Major Intervention,Not Applicable
HIST-00146,Telangana Smart City Development - Phase 2,Urban Development,Telangana,141.3,152.7,56,46,81.2,82.0,15,2,0,1,0,0,5.7,4,4.3,Under Review,Milestone slippage,Inter-Department Coordination,Successful
HIST-00147,Rajasthan Expressway Corridor - Phase 1,Roads,Rajasthan,500.9,521.6,56,31,51.8,56.4,10,0,1,0,0,0,-1.1,0,4.0,Under Review,No material delay,No Major Intervention,Not Applicable
HIST-00148,Kerala Smart City Development - Phase 3,Urban Development,Kerala,398.0,466.5,49,85,100.0,93.9,10,1,1,1,0,0,3.8,12,16.6,Delayed,Land acquisition,Land Acquisition Task Force,No Significant Improvement
HIST-00149,Telangana National Highway Widening - Phase 3,Roads,Telangana,118.9,127.4,31,17,57.9,74.7,4,0,0,0,0,1,-4.5,1,3.5,Under Review,No material delay,Contractor Replacement,Successful
HIST-00150,Odisha Affordable Housing Scheme - Phase 2,Urban Development,Odisha,2480.7,2557.8,28,67,93.6,91.0,7,0,0,0,0,1,0.3,0,3.2,Completed,No material delay,Contractor Replacement,No Significant Improvement
HIST-00151,Uttar Pradesh Container Yard Development - Phase 3,Ports,Uttar Pradesh,1205.4,1264.9,59,58,94.4,79.4,9,2,0,0,1,0,5.9,6,3.7,Delayed,Milestone slippage,Additional Funding Approval,Partially Successful
HIST-00152,Gujarat State Highway Upgradation - Phase 3,Roads,Gujarat,262.2,276.1,57,76,83.3,88.6,13,0,0,1,0,0,-2.7,0,4.3,Completed,No material delay,No Major Intervention,Not Applicable
HIST-00153,Odisha Port Connectivity Corridor - Phase 1,Ports,Odisha,562.4,562.4,47,15,21.6,14.1,13,1,0,0,0,0,-5.5,3,1.9,Under Review,Other execution delay,No Major Intervention,Not Applicable
HIST-00154,Uttar Pradesh Airport Cargo Complex - Phase 2,Airports,Uttar Pradesh,324.8,342.2,49,55,94.2,79.1,15,2,0,0,0,0,8.9,6,5.5,Delayed,Milestone slippage,No Major Intervention,Not Applicable
HIST-00155,Kerala Sewerage Network Upgrade - Phase 2,Urban Development,Kerala,89.6,102.4,22,68,100.0,100.0,5,1,0,1,1,0,9.6,0,8.0,Completed with Cost Overrun,No material delay,Additional Funding Approval,Successful
HIST-00156,Karnataka Dam Rehabilitation Project - Phase 3,Water Resources,Karnataka,236.8,263.6,31,36,100.0,100.0,7,0,1,1,1,0,0.2,10,6.8,Delayed,Land acquisition,Land Acquisition Task Force,Partially Successful
HIST-00157,Karnataka Airport Terminal Development - Phase 2,Airports,Karnataka,106.6,108.2,12,13,85.8,100.0,4,3,0,0,0,0,0.3,1,1.4,Under Review,No material delay,Milestone Restructuring,Partially Successful
HIST-00158,Karnataka Rail Line Doubling - Phase 2,Railways,Karnataka,68.4,71.0,59,65,100.0,94.4,18,1,0,0,0,0,2.6,0,3.7,Completed,No material delay,No Major Intervention,Not Applicable
HIST-00159,Jharkhand Metro Rail Extension - Phase 3,Railways,Jharkhand,348.9,360.2,47,63,89.2,90.5,10,1,0,0,0,0,5.1,0,3.3,Completed,No material delay,Contractor Replacement,Successful
HIST-00160,Odisha Water Supply Augmentation - Phase 2,Water Resources,Odisha,124.6,128.1,61,79,98.6,100.0,14,0,0,0,1,0,-4.2,1,2.7,Completed,No material delay,Land Acquisition Task Force,Partially Successful
HIST-00161,Madhya Pradesh Ring Road Development - Phase 2,Roads,Madhya Pradesh,395.1,402.0,49,37,68.3,65.4,7,0,0,0,0,0,-1.6,1,1.9,Completed,No material delay,No Major Intervention,Not Applicable
HIST-00162,Uttar Pradesh Thermal Power Plant Modernisation - Phase 1,Power,Uttar Pradesh,302.4,311.1,36,13,39.9,41.3,8,1,0,0,0,0,0.4,1,2.3,Under Review,No material delay,Contractor Replacement,Partially Successful
HIST-00163,West Bengal Irrigation Canal Modernisation - Phase 2,Water Resources,West Bengal,151.3,155.7,63,68,100.0,81.0,15,0,0,0,0,0,0.3,0,2.0,Completed,No material delay,Land Acquisition Task Force,Successful
HIST-00164,Rajasthan Freight Corridor Development - Phase 3,Railways,Rajasthan,350.0,364.5,50,72,97.5,100.0,11,0,0,0,0,0,1.7,1,3.9,Completed,No material delay,No Major Intervention,Not Applicable
HIST-00165,Uttar Pradesh Metro Rail Extension - Phase 1,Railways,Uttar Pradesh,692.0,728.0,37,56,97.1,99.6,6,1,1,0,0,0,-0.7,0,4.7,Completed,No material delay,No Major Intervention,Not Applicable
HIST-00166,Telangana Expressway Corridor - Phase 3,Roads,Telangana,1232.4,1263.8,50,57,100.0,100.0,11,0,0,1,0,0,3.6,2,2.3,Delayed,Pending clearance,No Major Intervention,Not Applicable
HIST-00167,West Bengal Urban Renewal Mission - Phase 2,Urban Development,West Bengal,327.3,336.2,46,21,50.3,75.6,12,0,0,0,0,0,-1.8,0,3.4,Under Review,No material delay,No Major Intervention,Not Applicable
HIST-00168,Haryana Airport Cargo Complex - Phase 3,Airports,Haryana,39.1,39.1,58,35,67.4,80.8,16,0,0,0,0,0,-2.2,0,0.0,Completed,No material delay,No Major Intervention,Not Applicable
HIST-00169,Odisha Affordable Housing Scheme - Phase 2,Urban Development,Odisha,188.5,198.0,25,8,37.0,55.0,9,0,0,0,0,1,-7.6,1,4.9,Completed,No material delay,Contractor Replacement,Partially Successful
HIST-00170,Gujarat Port Connectivity Corridor - Phase 2,Ports,Gujarat,200.1,235.4,43,59,86.6,92.1,9,5,1,1,0,0,15.1,7,9.1,Delayed,Land acquisition,Land Acquisition Task Force,Successful
HIST-00171,Rajasthan Metro Rail Extension - Phase 3,Railways,Rajasthan,541.8,620.7,30,41,84.5,82.5,10,1,1,1,0,1,-1.2,6,7.6,Under Review,Land acquisition,Land Acquisition Task Force,Successful
HIST-00172,Odisha Dam Rehabilitation Project - Phase 3,Water Resources,Odisha,39.5,41.6,12,59,96.0,100.0,5,0,0,0,0,0,-3.5,1,5.3,Completed with Cost Overrun,No material delay,No Major Intervention,Not Applicable
HIST-00173,Madhya Pradesh Urban Renewal Mission - Phase 3,Urban Development,Madhya Pradesh,349.1,372.0,56,13,35.2,32.1,16,1,0,0,1,0,1.1,0,5.2,Under Review,No material delay,Additional Funding Approval,Partially Successful
HIST-00174,Madhya Pradesh Container Yard Development - Phase 2,Ports,Madhya Pradesh,118.0,125.1,57,6,21.5,17.9,11,1,1,0,0,0,2.8,3,3.1,Under Review,Land acquisition,Land Acquisition Task Force,Successful
HIST-00175,Rajasthan Dam Rehabilitation Project - Phase 2,Water Resources,Rajasthan,248.0,251.4,42,84,97.3,91.8,13,0,1,0,0,0,4.1,11,1.9,Delayed,Land acquisition,Land Acquisition Task Force,Partially Successful
HIST-00176,Karnataka National Highway Widening - Phase 2,Roads,Karnataka,153.0,172.0,32,87,83.0,100.0,9,0,1,1,0,0,0.6,0,10.7,Completed with Cost Overrun,No material delay,Inter-Department Coordination,Partially Successful
HIST-00177,Odisha Affordable Housing Scheme - Phase 3,Urban Development,Odisha,186.8,188.4,60,6,12.6,9.3,13,0,0,0,0,0,-2.6,1,1.5,Under Review,No material delay,No Major Intervention,Not Applicable
HIST-00178,Maharashtra Substation Capacity Expansion - Phase 3,Power,Maharashtra,149.9,153.0,58,49,86.4,94.9,15,1,0,0,0,0,10.2,0,2.5,Completed,No material delay,No Major Intervention,Not Applicable
HIST-00179,Uttar Pradesh Transmission Line Augmentation - Phase 3,Power,Uttar Pradesh,412.1,429.4,66,81,100.0,96.9,15,1,0,0,0,0,11.3,0,5.1,Completed with Cost Overrun,No material delay,No Major Intervention,Not Applicable
HIST-00180,Maharashtra Expressway Corridor - Phase 2,Roads,Maharashtra,288.5,300.1,56,48,99.7,100.0,12,1,0,0,0,0,-4.3,3,3.5,Delayed,Other execution delay,No Major Intervention,Not Applicable
HIST-00181,Haryana Smart City Development - Phase 1,Urban Development,Haryana,1134.6,1289.4,26,26,81.4,89.8,7,1,1,0,0,1,0.1,3,6.4,Under Review,Land acquisition,Land Acquisition Task Force,Successful
HIST-00182,Andhra Pradesh Affordable Housing Scheme - Phase 3,Urban Development,Andhra Pradesh,59.8,59.8,40,18,47.5,40.5,15,0,0,0,0,0,-0.3,0,0.0,Under Review,No material delay,No Major Intervention,Not Applicable
HIST-00183,Bihar Port Connectivity Corridor - Phase 3,Ports,Bihar,458.7,471.1,30,63,100.0,98.5,8,1,0,0,0,0,5.2,5,0.8,Delayed,Other execution delay,No Major Intervention,Not Applicable
HIST-00184,Kerala Freight Corridor Development - Phase 1,Railways,Kerala,190.1,195.9,57,84,93.4,85.7,12,1,0,0,0,0,1.3,2,1.6,Delayed,Other execution delay,No Major Intervention,Not Applicable
HIST-00185,Karnataka Solar Power Park - Phase 2,Power,Karnataka,340.7,354.5,40,54,88.0,94.0,9,1,0,1,0,0,-2.1,0,6.1,Completed with Cost Overrun,No material delay,No Major Intervention,Not Applicable
HIST-00186,Telangana Irrigation Canal Modernisation - Phase 1,Water Resources,Telangana,900.5,977.3,22,73,92.8,88.4,8,1,1,0,0,0,0.7,10,9.2,Delayed,Land acquisition,Land Acquisition Task Force,No Significant Improvement
HIST-00187,Madhya Pradesh State Highway Upgradation - Phase 2,Roads,Madhya Pradesh,704.7,728.6,34,49,100.0,100.0,6,1,0,0,0,0,-0.2,0,5.2,Completed with Cost Overrun,No material delay,No Major Intervention,Not Applicable
HIST-00188,Madhya Pradesh Substation Capacity Expansion - Phase 1,Power,Madhya Pradesh,626.8,672.1,59,33,58.3,67.1,15,0,1,0,0,0,-4.9,0,8.0,Completed with Cost Overrun,No material delay,No Major Intervention,Not Applicable
HIST-00189,Karnataka Railway Electrification Project - Phase 2,Railways,Karnataka,594.6,671.2,15,37,100.0,93.2,4,1,1,0,1,0,0.3,0,12.5,Completed with Cost Overrun,No material delay,Additional Funding Approval,No Significant Improvement
HIST-00190,Haryana Ring Road Development - Phase 2,Roads,Haryana,201.8,235.6,14,82,97.7,86.7,8,1,1,0,0,0,5.1,3,9.7,Delayed,Land acquisition,Land Acquisition Task Force,Successful
HIST-00191,Andhra Pradesh Substation Capacity Expansion - Phase 3,Power,Andhra Pradesh,66.3,67.8,15,45,96.0,100.0,4,1,0,1,0,0,0.8,1,1.7,Completed,No material delay,No Major Intervention,Not Applicable
HIST-00192,Tamil Nadu Affordable Housing Scheme - Phase 3,Urban Development,Tamil Nadu,442.0,490.9,17,69,92.5,91.5,7,1,0,1,0,1,-7.1,4,8.4,Delayed,Contractor performance,Contractor Replacement,Partially Successful
HIST-00193,Rajasthan Airport Cargo Complex - Phase 1,Airports,Rajasthan,61.2,62.3,54,77,98.4,94.6,13,0,0,0,0,0,0.0,0,0.4,Completed,No material delay,No Major Intervention,Not Applicable
HIST-00194,Maharashtra Runway Expansion Project - Phase 2,Airports,Maharashtra,209.1,227.7,46,62,100.0,86.5,12,1,0,0,1,0,3.4,4,7.2,Delayed,Funding release,Additional Funding Approval,Partially Successful
HIST-00195,Jharkhand Metro Rail Extension - Phase 1,Railways,Jharkhand,448.6,530.0,51,87,90.1,92.1,15,1,1,0,1,0,2.0,1,11.0,Completed with Cost Overrun,No material delay,Additional Funding Approval,Successful
HIST-00196,Odisha Airport Cargo Complex - Phase 1,Airports,Odisha,246.9,246.9,67,56,84.1,81.1,18,1,0,0,0,0,-0.3,5,2.1,Delayed,Other execution delay,No Major Intervention,Not Applicable
HIST-00197,Uttar Pradesh State Highway Upgradation - Phase 2,Roads,Uttar Pradesh,1269.2,1298.4,54,16,31.4,40.2,10,0,0,0,0,0,-2.2,0,1.7,Under Review,No material delay,Milestone Restructuring,Partially Successful
HIST-00198,Telangana Metro Rail Extension - Phase 2,Railways,Telangana,798.9,826.2,43,76,99.7,86.2,13,1,0,1,0,0,0.0,1,4.3,Completed,No material delay,No Major Intervention,Not Applicable
HIST-00199,Odisha Smart City Development - Phase 3,Urban Development,Odisha,871.6,888.8,36,38,100.0,92.8,9,0,0,0,0,0,-0.2,0,1.0,Completed,No material delay,Additional Funding Approval,Partially Successful
HIST-00200,Karnataka Substation Capacity Expansion - Phase 2,Power,Karnataka,502.0,597.2,43,54,99.9,86.3,14,1,1,0,1,0,5.9,3,8.8,Delayed,Land acquisition,Land Acquisition Task Force,Successful
HIST-00201,Maharashtra Sewerage Network Upgrade - Phase 3,Urban Development,Maharashtra,185.0,196.0,67,86,100.0,100.0,17,1,1,0,0,0,3.3,0,6.3,Completed with Cost Overrun,No material delay,No Major Intervention,Not Applicable
HIST-00202,Jharkhand Irrigation Canal Modernisation - Phase 2,Water Resources,Jharkhand,125.3,130.8,37,87,88.7,100.0,9,1,0,0,0,0,2.5,0,4.7,Completed,No material delay,No Major Intervention,Not Applicable
HIST-00203,Madhya Pradesh Thermal Power Plant Modernisation - Phase 3,Power,Madhya Pradesh,194.9,198.5,40,11,19.9,19.4,12,0,0,0,0,0,-4.5,4,1.6,Under Review,Other execution delay,No Major Intervention,Not Applicable
HIST-00204,Haryana State Highway Upgradation - Phase 1,Roads,Haryana,503.9,568.7,30,68,99.0,95.3,7,0,1,0,0,1,-5.1,6,11.9,Delayed,Land acquisition,Land Acquisition Task Force,No Significant Improvement
HIST-00205,Odisha National Highway Widening - Phase 1,Roads,Odisha,180.0,185.4,38,20,50.4,55.2,10,2,0,0,0,0,5.9,0,3.9,Completed,No material delay,No Major Intervention,Not Applicable
HIST-00206,Karnataka Port Connectivity Corridor - Phase 2,Ports,Karnataka,608.9,649.6,52,40,92.1,96.8,13,1,0,0,0,0,0.5,0,6.7,Under Review,No material delay,No Major Intervention,Not Applicable
HIST-00207,Karnataka Port Terminal Expansion - Phase 2,Ports,Karnataka,134.1,142.8,41,32,72.1,57.7,8,0,1,0,0,0,-4.8,0,6.5,Under Review,No material delay,No Major Intervention,Not Applicable
HIST-00208,Tamil Nadu Metro Rail Extension - Phase 1,Railways,Tamil Nadu,373.4,386.9,12,37,90.3,100.0,4,0,1,0,0,0,-7.4,0,4.1,Completed,No material delay,No Major Intervention,Not Applicable
HIST-00209,Madhya Pradesh Urban Renewal Mission - Phase 1,Urban Development,Madhya Pradesh,178.5,184.4,42,69,86.3,93.0,12,0,0,0,0,0,-6.6,0,6.0,Completed with Cost Overrun,No material delay,No Major Intervention,Not Applicable
HIST-00210,Karnataka Rail Line Doubling - Phase 1,Railways,Karnataka,476.2,535.2,44,52,100.0,95.3,13,2,1,0,0,0,4.0,4,7.6,Delayed,Land acquisition,Land Acquisition Task Force,Successful
HIST-00211,Kerala Irrigation Canal Modernisation - Phase 3,Water Resources,Kerala,365.9,368.5,84,24,26.4,19.7,23,0,0,1,0,0,2.2,1,1.1,Under Review,No material delay,No Major Intervention,Not Applicable
HIST-00212,Andhra Pradesh State Highway Upgradation - Phase 1,Roads,Andhra Pradesh,211.9,217.0,57,25,37.9,37.2,11,0,0,0,0,0,1.2,2,3.4,Delayed,Other execution delay,No Major Intervention,Not Applicable
HIST-00213,Karnataka Water Supply Augmentation - Phase 3,Water Resources,Karnataka,601.7,629.7,42,22,46.9,60.5,12,0,0,1,0,0,-4.1,0,5.0,Under Review,No material delay,No Major Intervention,Not Applicable
HIST-00214,Maharashtra Urban Renewal Mission - Phase 1,Urban Development,Maharashtra,179.3,194.9,44,34,74.5,75.2,14,0,0,0,0,1,-2.4,0,6.3,Under Review,No material delay,Contractor Replacement,Successful
HIST-00215,Jharkhand Rail Line Doubling - Phase 1,Railways,Jharkhand,237.3,239.0,32,21,68.3,73.1,7,0,0,0,0,0,-5.4,0,0.6,Under Review,No material delay,No Major Intervention,Not Applicable
HIST-00216,Telangana Freight Corridor Development - Phase 3,Railways,Telangana,624.7,661.3,50,57,88.7,100.0,14,0,1,1,1,0,-5.6,5,2.8,Under Review,Land acquisition,Land Acquisition Task Force,Successful
HIST-00217,Gujarat Airport Cargo Complex - Phase 1,Airports,Gujarat,358.9,371.7,57,8,22.3,33.3,12,1,0,0,0,0,-0.1,0,2.8,Under Review,No material delay,No Major Intervention,Not Applicable
HIST-00218,Gujarat Sewerage Network Upgrade - Phase 3,Urban Development,Gujarat,117.9,127.5,63,61,100.0,92.2,12,1,1,0,0,0,0.2,7,6.5,Delayed,Land acquisition,Land Acquisition Task Force,Partially Successful
HIST-00219,Karnataka Airport Terminal Development - Phase 3,Airports,Karnataka,806.3,830.4,48,43,96.5,97.2,9,0,0,0,0,0,-0.8,1,2.4,Under Review,No material delay,No Major Intervention,Not Applicable
HIST-00220,Jharkhand Freight Corridor Development - Phase 1,Railways,Jharkhand,69.2,75.0,61,67,84.5,96.9,20,0,1,0,0,0,10.2,0,8.1,Completed with Cost Overrun,No material delay,No Major Intervention,Not Applicable
HIST-00221,Kerala Sewerage Network Upgrade - Phase 3,Urban Development,Kerala,97.6,101.1,29,38,100.0,100.0,5,2,0,0,0,0,7.5,7,4.9,Delayed,Milestone slippage,No Major Intervention,Not Applicable
HIST-00222,Odisha Port Connectivity Corridor - Phase 1,Ports,Odisha,97.8,99.5,63,41,65.6,65.3,14,1,0,1,0,0,-4.6,4,1.2,Delayed,Pending clearance,Inter-Department Coordination,Partially Successful
HIST-00223,Telangana National Highway Widening - Phase 1,Roads,Telangana,260.7,289.6,25,33,85.3,72.0,5,2,0,0,0,1,3.7,2,8.5,Delayed,Milestone slippage,Contractor Replacement,Partially Successful
HIST-00224,Andhra Pradesh Metro Rail Extension - Phase 3,Railways,Andhra Pradesh,367.1,371.9,42,39,91.5,82.2,10,0,0,0,0,0,-3.8,1,2.4,Completed,No material delay,No Major Intervention,Not Applicable
HIST-00225,Karnataka Irrigation Canal Modernisation - Phase 3,Water Resources,Karnataka,377.8,406.2,16,81,100.0,100.0,5,1,1,0,0,0,1.6,1,6.5,Completed with Cost Overrun,No material delay,No Major Intervention,Not Applicable
HIST-00226,Karnataka Rail Line Doubling - Phase 3,Railways,Karnataka,563.3,564.2,26,30,82.2,100.0,6,1,0,0,0,0,6.1,0,0.0,Completed,No material delay,No Major Intervention,Not Applicable
HIST-00227,Jharkhand Expressway Corridor - Phase 2,Roads,Jharkhand,686.4,750.6,26,30,100.0,100.0,6,0,0,1,1,0,1.0,4,7.2,Delayed,Funding release,Additional Funding Approval,Partially Successful
HIST-00228,Madhya Pradesh National Highway Widening - Phase 1,Roads,Madhya Pradesh,305.9,361.4,77,83,100.0,100.0,20,1,1,1,1,1,8.5,10,16.9,Delayed,Land acquisition,Land Acquisition Task Force,No Significant Improvement
HIST-00229,Karnataka Railway Electrification Project - Phase 1,Railways,Karnataka,348.0,354.6,66,9,9.8,25.9,16,0,0,0,0,0,-2.0,0,0.4,Under Review,No material delay,No Major Intervention,Not Applicable
HIST-00230,Odisha Ring Road Development - Phase 2,Roads,Odisha,368.6,383.8,71,33,48.7,35.9,18,1,0,0,0,0,3.0,0,2.4,Under Review,No material delay,No Major Intervention,Not Applicable
HIST-00231,Uttar Pradesh State Highway Upgradation - Phase 3,Roads,Uttar Pradesh,88.1,101.2,45,44,97.0,100.0,11,2,1,0,0,1,8.6,4,7.0,Delayed,Land acquisition,Land Acquisition Task Force,Successful
HIST-00232,Odisha Runway Expansion Project - Phase 2,Airports,Odisha,163.3,169.8,36,48,99.7,94.1,10,1,0,0,0,0,-3.7,1,6.0,Completed with Cost Overrun,No material delay,No Major Intervention,Not Applicable
HIST-00233,West Bengal Runway Expansion Project - Phase 1,Airports,West Bengal,795.3,814.0,41,20,54.1,45.3,10,0,0,0,0,0,-2.6,0,1.8,Completed,No material delay,No Major Intervention,Not Applicable
HIST-00234,Bihar Urban Renewal Mission - Phase 3,Urban Development,Bihar,284.1,322.5,37,7,24.1,22.6,7,1,1,0,0,1,3.3,0,12.7,Under Review,No material delay,Contractor Replacement,No Significant Improvement
HIST-00235,Andhra Pradesh Container Yard Development - Phase 3,Ports,Andhra Pradesh,1082.0,1100.3,54,17,31.2,34.9,13,0,0,1,0,0,-1.0,0,2.4,Under Review,No material delay,No Major Intervention,Not Applicable
HIST-00236,Karnataka Irrigation Canal Modernisation - Phase 1,Water Resources,Karnataka,237.2,267.1,44,36,89.0,95.7,12,1,1,0,0,0,5.9,1,6.7,Completed with Cost Overrun,No material delay,Land Acquisition Task Force,Successful
HIST-00237,Bihar Urban Renewal Mission - Phase 1,Urban Development,Bihar,468.3,468.3,66,83,100.0,85.0,13,0,1,0,0,0,-0.9,0,2.8,Completed,No material delay,No Major Intervention,Not Applicable
HIST-00238,Telangana Urban Renewal Mission - Phase 1,Urban Development,Telangana,121.7,123.9,21,68,95.4,97.5,4,1,0,0,0,0,5.7,1,0.1,Completed,No material delay,No Major Intervention,Not Applicable
HIST-00239,Haryana Airport Terminal Development - Phase 3,Airports,Haryana,1169.0,1250.5,44,89,100.0,100.0,9,2,0,1,0,0,4.7,3,5.3,Delayed,Milestone slippage,Inter-Department Coordination,Partially Successful
HIST-00240,Jharkhand Solar Power Park - Phase 3,Power,Jharkhand,39.3,41.5,22,75,100.0,100.0,7,2,0,0,0,0,1.8,1,7.1,Under Review,No material delay,No Major Intervention,Not Applicable
HIST-00241,Bihar State Highway Upgradation - Phase 3,Roads,Bihar,242.5,280.4,35,23,49.8,45.0,8,2,1,0,0,1,10.0,13,12.4,Delayed,Land acquisition,Land Acquisition Task Force,Partially Successful
HIST-00242,Rajasthan Freight Corridor Development - Phase 1,Railways,Rajasthan,202.3,222.1,36,55,100.0,100.0,8,2,1,1,0,0,0.3,8,9.1,Delayed,Land acquisition,Land Acquisition Task Force,Partially Successful
HIST-00243,Karnataka Runway Expansion Project - Phase 1,Airports,Karnataka,217.0,235.0,30,78,82.8,88.6,8,1,0,1,0,0,0.6,0,7.1,Completed with Cost Overrun,No material delay,No Major Intervention,Not Applicable
HIST-00244,Madhya Pradesh Transmission Line Augmentation - Phase 3,Power,Madhya Pradesh,796.6,814.1,44,59,100.0,92.9,8,1,1,0,0,0,1.9,1,2.4,Under Review,No material delay,No Major Intervention,Not Applicable
HIST-00245,West Bengal Urban Renewal Mission - Phase 1,Urban Development,West Bengal,231.9,240.0,12,44,98.3,100.0,4,3,0,0,0,0,3.7,0,2.4,Completed,No material delay,Milestone Restructuring,Partially Successful
HIST-00246,Andhra Pradesh Rail Line Doubling - Phase 2,Railways,Andhra Pradesh,85.7,89.3,58,87,100.0,95.4,12,1,0,0,1,0,6.5,0,4.2,Completed,No material delay,Additional Funding Approval,No Significant Improvement
HIST-00247,West Bengal Port Connectivity Corridor - Phase 2,Ports,West Bengal,54.3,59.9,42,21,54.0,52.1,11,1,1,1,0,0,1.1,7,10.5,Under Review,Land acquisition,Land Acquisition Task Force,No Significant Improvement
HIST-00248,Odisha Runway Expansion Project - Phase 2,Airports,Odisha,280.2,296.3,75,23,38.5,31.4,21,0,1,0,0,0,2.0,1,5.7,Under Review,No material delay,Contractor Replacement,Partially Successful
HIST-00249,Jharkhand Urban Renewal Mission - Phase 3,Urban Development,Jharkhand,832.1,856.0,47,29,69.1,81.3,10,0,0,0,0,0,-7.2,0,2.6,Completed,No material delay,No Major Intervention,Not Applicable
HIST-00250,Tamil Nadu Airport Terminal Development - Phase 3,Airports,Tamil Nadu,326.7,374.8,46,46,100.0,91.8,11,2,1,1,0,0,0.8,10,15.3,Delayed,Land acquisition,Land Acquisition Task Force,No Significant Improvement
HIST-00251,Karnataka Thermal Power Plant Modernisation - Phase 2,Power,Karnataka,496.8,509.3,39,58,94.3,93.3,14,0,0,0,0,0,1.3,1,0.6,Completed,No material delay,Additional Funding Approval,No Significant Improvement
HIST-00252,Haryana Irrigation Canal Modernisation - Phase 3,Water Resources,Haryana,368.2,425.9,29,41,100.0,98.5,8,3,1,0,0,0,8.0,4,10.0,Delayed,Land acquisition,Land Acquisition Task Force,Successful
HIST-00253,Andhra Pradesh Expressway Corridor - Phase 2,Roads,Andhra Pradesh,392.5,429.2,28,81,100.0,100.0,6,0,1,1,0,0,-5.8,3,5.4,Delayed,Land acquisition,Land Acquisition Task Force,Successful
HIST-00254,Andhra Pradesh Port Terminal Expansion - Phase 1,Ports,Andhra Pradesh,260.4,287.7,30,72,92.8,95.6,6,1,1,1,0,0,-0.1,0,9.4,Completed with Cost Overrun,No material delay,Inter-Department Coordination,Partially Successful
HIST-00255,Uttar Pradesh Water Supply Augmentation - Phase 3,Water Resources,Uttar Pradesh,316.5,359.4,69,7,7.9,7.2,15,3,0,1,0,0,9.9,8,14.3,Under Review,Milestone slippage,Milestone Restructuring,No Significant Improvement
HIST-00256,Maharashtra National Highway Widening - Phase 2,Roads,Maharashtra,557.7,576.6,79,30,39.6,38.2,18,0,0,0,0,0,-8.0,5,5.0,Under Review,Other execution delay,No Major Intervention,Not Applicable
HIST-00257,Andhra Pradesh Transmission Line Augmentation - Phase 2,Power,Andhra Pradesh,88.4,90.8,25,76,85.5,73.0,8,0,0,0,0,0,5.5,0,3.7,Completed,No material delay,No Major Intervention,Not Applicable
HIST-00258,Maharashtra Water Supply Augmentation - Phase 1,Water Resources,Maharashtra,641.7,681.3,36,48,97.8,100.0,10,0,1,0,0,0,-2.8,10,5.8,Delayed,Land acquisition,Land Acquisition Task Force,No Significant Improvement
HIST-00259,Odisha Rail Line Doubling - Phase 3,Railways,Odisha,256.7,294.0,40,87,100.0,100.0,10,0,1,0,1,0,-3.3,0,14.3,Completed with Cost Overrun,No material delay,Additional Funding Approval,Partially Successful
HIST-00260,Rajasthan Smart City Development - Phase 2,Urban Development,Rajasthan,211.8,214.2,49,22,56.6,61.4,13,1,0,0,0,0,2.6,1,1.2,Under Review,No material delay,Milestone Restructuring,Partially Successful
HIST-00261,Tamil Nadu Expressway Corridor - Phase 2,Roads,Tamil Nadu,455.8,493.3,68,18,28.4,25.7,16,2,1,0,0,0,4.0,1,4.9,Under Review,No material delay,Contractor Replacement,Successful
HIST-00262,Uttar Pradesh Container Yard Development - Phase 3,Ports,Uttar Pradesh,582.5,616.4,48,52,93.9,95.7,10,0,0,0,0,1,9.5,2,6.1,Delayed,Contractor performance,Contractor Replacement,No Significant Improvement
HIST-00263,Madhya Pradesh Railway Electrification Project - Phase 2,Railways,Madhya Pradesh,148.6,157.3,67,36,57.0,49.2,17,0,0,1,0,0,2.0,0,4.6,Under Review,No material delay,No Major Intervention,Not Applicable
HIST-00264,Madhya Pradesh Transmission Line Augmentation - Phase 3,Power,Madhya Pradesh,369.8,399.8,71,15,8.4,23.1,18,3,0,0,0,0,12.7,5,6.0,Under Review,Milestone slippage,Milestone Restructuring,Successful
HIST-00265,Uttar Pradesh Solar Power Park - Phase 2,Power,Uttar Pradesh,97.7,102.7,80,33,34.0,34.2,21,2,0,1,0,0,6.7,0,1.8,Under Review,No material delay,Inter-Department Coordination,Successful
HIST-00266,West Bengal Substation Capacity Expansion - Phase 3,Power,West Bengal,991.5,1014.6,38,59,100.0,88.5,8,0,0,0,1,0,-0.1,0,3.6,Completed,No material delay,Additional Funding Approval,No Significant Improvement
HIST-00267,Madhya Pradesh Metro Rail Extension - Phase 1,Railways,Madhya Pradesh,275.5,287.9,23,18,83.3,78.8,7,0,0,0,0,0,0.7,1,4.1,Under Review,No material delay,No Major Intervention,Not Applicable
HIST-00268,Gujarat Metro Rail Extension - Phase 2,Railways,Gujarat,254.1,270.2,49,50,100.0,100.0,14,0,0,0,0,0,-1.4,1,4.8,Completed,No material delay,No Major Intervention,Not Applicable
HIST-00269,Odisha Thermal Power Plant Modernisation - Phase 2,Power,Odisha,345.9,389.4,19,60,96.6,84.8,4,2,1,0,0,0,8.9,12,11.9,Delayed,Land acquisition,Land Acquisition Task Force,No Significant Improvement
HIST-00270,Tamil Nadu Ring Road Development - Phase 3,Roads,Tamil Nadu,377.1,471.0,63,78,100.0,100.0,14,2,1,0,1,1,8.8,13,23.4,Under Review,Land acquisition,Land Acquisition Task Force,No Significant Improvement
HIST-00271,Maharashtra Container Yard Development - Phase 3,Ports,Maharashtra,230.5,230.9,31,20,57.0,44.2,9,0,0,0,0,0,1.8,0,0.0,Under Review,No material delay,No Major Intervention,Not Applicable
HIST-00272,Uttar Pradesh Irrigation Canal Modernisation - Phase 2,Water Resources,Uttar Pradesh,103.7,104.7,70,23,48.9,53.5,16,1,0,0,0,0,2.5,2,0.8,Under Review,Other execution delay,No Major Intervention,Not Applicable
HIST-00273,Karnataka Dam Rehabilitation Project - Phase 1,Water Resources,Karnataka,370.0,379.2,60,38,50.1,42.0,12,1,0,0,0,0,0.9,6,1.6,Under Review,Other execution delay,No Major Intervention,Not Applicable
HIST-00274,Andhra Pradesh Thermal Power Plant Modernisation - Phase 1,Power,Andhra Pradesh,197.5,197.5,61,7,21.2,16.8,13,1,0,1,0,0,-3.6,1,0.0,Under Review,No material delay,No Major Intervention,Not Applicable
HIST-00275,Rajasthan Port Terminal Expansion - Phase 2,Ports,Rajasthan,104.7,111.6,14,78,99.3,90.1,4,1,0,0,1,0,1.1,1,4.7,Completed,No material delay,Additional Funding Approval,Partially Successful
HIST-00276,Rajasthan Solar Power Park - Phase 3,Power,Rajasthan,358.3,369.9,67,17,32.6,31.1,19,0,1,0,0,0,0.5,0,2.1,Under Review,No material delay,No Major Intervention,Not Applicable
HIST-00277,Telangana Substation Capacity Expansion - Phase 3,Power,Telangana,148.3,154.9,56,66,94.5,97.1,15,1,0,0,1,0,1.1,0,3.3,Completed,No material delay,Additional Funding Approval,Successful
HIST-00278,Bihar River Interlinking Scheme - Phase 1,Water Resources,Bihar,134.7,150.5,28,86,87.8,86.1,8,2,1,0,0,0,4.9,4,5.4,Delayed,Land acquisition,Land Acquisition Task Force,Successful
HIST-00279,Jharkhand Rail Line Doubling - Phase 2,Railways,Jharkhand,282.6,312.1,43,68,86.2,99.3,11,2,0,0,0,1,2.1,4,11.5,Delayed,Milestone slippage,Contractor Replacement,Partially Successful
HIST-00280,Kerala State Highway Upgradation - Phase 3,Roads,Kerala,145.8,151.2,49,82,100.0,100.0,13,2,0,0,0,0,8.6,0,3.9,Completed,No material delay,No Major Intervention,Not Applicable
HIST-00281,Bihar Rail Line Doubling - Phase 1,Railways,Bihar,601.0,666.2,26,83,86.8,69.0,8,2,0,0,0,1,6.6,3,8.9,Delayed,Milestone slippage,Contractor Replacement,No Significant Improvement
HIST-00282,Gujarat Freight Corridor Development - Phase 1,Railways,Gujarat,58.4,60.7,18,14,74.5,65.9,4,2,0,0,0,0,-1.7,0,5.0,Completed,No material delay,Milestone Restructuring,No Significant Improvement
HIST-00283,Karnataka Ring Road Development - Phase 2,Roads,Karnataka,117.0,144.3,50,27,47.3,41.1,13,2,1,0,1,1,10.4,9,16.7,Under Review,Land acquisition,Land Acquisition Task Force,Partially Successful
HIST-00284,Odisha Ring Road Development - Phase 3,Roads,Odisha,484.1,569.4,12,15,88.2,100.0,4,2,1,0,0,1,3.6,6,14.3,Under Review,Land acquisition,Land Acquisition Task Force,Partially Successful
HIST-00285,Maharashtra Expressway Corridor - Phase 2,Roads,Maharashtra,164.1,179.4,12,9,64.0,55.2,4,2,0,1,0,1,10.5,0,3.9,Under Review,No material delay,Contractor Replacement,Successful
HIST-00286,Telangana Sewerage Network Upgrade - Phase 2,Urban Development,Telangana,233.6,249.1,33,84,88.6,66.5,5,0,0,1,0,1,-1.1,1,3.4,Completed,No material delay,Contractor Replacement,Successful
HIST-00287,Uttar Pradesh Rail Line Doubling - Phase 3,Railways,Uttar Pradesh,421.0,453.8,45,81,100.0,100.0,10,2,0,0,0,1,-0.4,0,3.1,Completed,No material delay,Contractor Replacement,Successful
HIST-00288,Haryana Railway Electrification Project - Phase 3,Railways,Haryana,130.9,141.3,19,50,100.0,100.0,4,0,1,1,0,0,-2.9,8,7.0,Delayed,Land acquisition,Land Acquisition Task Force,Partially Successful
HIST-00289,Karnataka Port Connectivity Corridor - Phase 1,Ports,Karnataka,78.5,83.6,12,86,100.0,94.1,4,2,0,0,0,0,7.5,0,7.1,Completed with Cost Overrun,No material delay,No Major Intervention,Not Applicable
HIST-00290,Bihar Smart City Development - Phase 3,Urban Development,Bihar,400.6,406.6,27,23,84.4,91.2,8,0,0,0,1,0,2.3,0,0.3,Under Review,No material delay,Additional Funding Approval,Successful
HIST-00291,Jharkhand Rail Line Doubling - Phase 1,Railways,Jharkhand,173.1,186.6,31,40,100.0,92.0,5,0,1,0,0,0,2.8,6,7.7,Delayed,Land acquisition,Milestone Restructuring,Partially Successful
HIST-00292,Gujarat Rail Line Doubling - Phase 1,Railways,Gujarat,1277.8,1277.8,43,53,100.0,100.0,14,0,1,0,0,0,3.0,0,0.0,Completed,No material delay,No Major Intervention,Not Applicable
HIST-00293,Karnataka Irrigation Canal Modernisation - Phase 1,Water Resources,Karnataka,277.3,328.5,51,79,87.6,80.4,14,5,0,1,0,1,9.4,7,10.7,Delayed,Milestone slippage,Contractor Replacement,Successful
HIST-00294,Uttar Pradesh Sewerage Network Upgrade - Phase 3,Urban Development,Uttar Pradesh,69.4,70.6,39,27,82.2,78.4,9,0,0,0,0,1,2.3,2,0.0,Delayed,Contractor performance,Contractor Replacement,Partially Successful
HIST-00295,Gujarat Ring Road Development - Phase 2,Roads,Gujarat,267.9,273.7,27,63,100.0,100.0,11,1,0,0,0,0,4.1,0,1.9,Completed,No material delay,No Major Intervention,Not Applicable
HIST-00296,Karnataka Expressway Corridor - Phase 3,Roads,Karnataka,462.4,532.2,38,39,86.3,89.7,10,3,0,0,0,1,9.3,2,9.8,Under Review,Milestone slippage,Contractor Replacement,Successful
HIST-00297,Gujarat Transmission Line Augmentation - Phase 2,Power,Gujarat,129.7,138.3,30,70,100.0,100.0,7,1,0,0,0,0,14.6,0,7.0,Completed with Cost Overrun,No material delay,Milestone Restructuring,No Significant Improvement
HIST-00298,Uttar Pradesh Container Yard Development - Phase 3,Ports,Uttar Pradesh,208.5,226.1,27,20,67.4,78.3,7,1,1,0,0,1,-4.1,5,3.2,Delayed,Land acquisition,Land Acquisition Task Force,Successful
HIST-00299,Gujarat Port Connectivity Corridor - Phase 1,Ports,Gujarat,288.9,310.7,50,41,89.9,93.6,9,0,1,0,0,0,1.4,0,7.4,Completed with Cost Overrun,No material delay,No Major Intervention,Not Applicable
HIST-00300,Tamil Nadu Dam Rehabilitation Project - Phase 3,Water Resources,Tamil Nadu,111.5,126.7,50,32,66.4,69.1,9,1,1,0,0,0,11.8,0,14.4,Under Review,No material delay,No Major Intervention,Not Applicable
HIST-00301,Karnataka Dam Rehabilitation Project - Phase 2,Water Resources,Karnataka,372.7,393.2,37,37,100.0,95.0,9,0,1,0,0,0,-4.4,2,3.6,Delayed,Land acquisition,Land Acquisition Task Force,Successful
HIST-00302,Odisha Solar Power Park - Phase 1,Power,Odisha,264.1,293.3,24,29,84.2,88.5,5,3,0,0,0,0,7.6,6,10.2,Delayed,Milestone slippage,Milestone Restructuring,No Significant Improvement
HIST-00303,Rajasthan Dam Rehabilitation Project - Phase 3,Water Resources,Rajasthan,429.9,435.7,75,62,84.5,78.1,21,0,0,1,0,0,-2.3,1,1.0,Completed,No material delay,Inter-Department Coordination,Successful
HIST-00304,Andhra Pradesh State Highway Upgradation - Phase 1,Roads,Andhra Pradesh,607.2,693.4,30,79,92.2,90.7,4,2,1,0,0,0,12.9,6,8.1,Delayed,Land acquisition,Land Acquisition Task Force,Successful
HIST-00305,Karnataka Railway Electrification Project - Phase 1,Railways,Karnataka,316.9,322.5,26,19,71.9,51.5,9,0,0,0,0,0,1.9,0,1.5,Completed,No material delay,No Major Intervention,Not Applicable
HIST-00306,Madhya Pradesh Transmission Line Augmentation - Phase 1,Power,Madhya Pradesh,208.0,217.6,48,25,61.2,61.8,11,0,0,0,0,0,-6.9,1,3.0,Under Review,No material delay,No Major Intervention,Not Applicable
HIST-00307,Telangana Irrigation Canal Modernisation - Phase 3,Water Resources,Telangana,539.2,590.8,50,42,85.6,84.9,14,1,1,0,0,0,0.1,0,9.4,Under Review,No material delay,No Major Intervention,Not Applicable
HIST-00308,Haryana Airport Terminal Development - Phase 2,Airports,Haryana,448.6,454.9,12,30,96.5,99.6,4,1,0,0,0,0,0.5,1,1.5,Completed,No material delay,Inter-Department Coordination,No Significant Improvement
HIST-00309,West Bengal Freight Corridor Development - Phase 1,Railways,West Bengal,125.9,141.9,50,74,100.0,98.6,17,1,0,1,1,0,3.7,0,6.5,Completed with Cost Overrun,No material delay,Additional Funding Approval,Successful
HIST-00310,Rajasthan Freight Corridor Development - Phase 3,Railways,Rajasthan,170.3,174.9,39,6,10.2,8.8,10,0,0,0,0,0,-1.1,1,2.7,Under Review,No material delay,No Major Intervention,Not Applicable
HIST-00311,Gujarat Expressway Corridor - Phase 2,Roads,Gujarat,452.0,511.8,45,81,95.9,100.0,10,1,0,1,0,1,4.9,1,7.1,Under Review,No material delay,Contractor Replacement,Successful
HIST-00312,Rajasthan River Interlinking Scheme - Phase 3,Water Resources,Rajasthan,367.3,383.3,50,76,86.2,89.2,13,1,1,1,0,0,-6.1,4,1.8,Delayed,Land acquisition,Land Acquisition Task Force,Successful
HIST-00313,Tamil Nadu Transmission Line Augmentation - Phase 2,Power,Tamil Nadu,73.4,74.8,63,15,16.6,21.1,16,0,0,0,0,0,-0.3,0,2.7,Under Review,No material delay,No Major Intervention,Not Applicable
HIST-00314,Telangana Smart City Development - Phase 1,Urban Development,Telangana,846.3,846.3,33,34,95.7,84.7,10,0,0,0,0,0,-3.2,0,0.0,Under Review,No material delay,No Major Intervention,Not Applicable
HIST-00315,Madhya Pradesh Runway Expansion Project - Phase 1,Airports,Madhya Pradesh,643.7,653.2,40,15,46.7,33.2,13,1,0,0,0,0,-0.5,1,3.6,Under Review,No material delay,No Major Intervention,Not Applicable
HIST-00316,Karnataka National Highway Widening - Phase 3,Roads,Karnataka,883.1,893.2,67,27,36.8,23.0,14,0,0,1,0,0,1.6,1,2.1,Completed,No material delay,Inter-Department Coordination,Partially Successful
HIST-00317,Uttar Pradesh Freight Corridor Development - Phase 2,Railways,Uttar Pradesh,359.0,371.2,62,31,48.4,49.9,20,0,0,1,0,0,0.3,0,3.2,Under Review,No material delay,No Major Intervention,Not Applicable
HIST-00318,Gujarat Railway Electrification Project - Phase 1,Railways,Gujarat,481.1,493.1,64,53,82.5,85.2,15,0,1,0,0,0,0.4,0,3.1,Completed,No material delay,No Major Intervention,Not Applicable
HIST-00319,Jharkhand Expressway Corridor - Phase 2,Roads,Jharkhand,350.0,396.7,46,46,100.0,91.7,10,1,1,0,1,0,0.8,0,6.3,Completed with Cost Overrun,No material delay,Additional Funding Approval,Successful
HIST-00320,Kerala Metro Rail Extension - Phase 1,Railways,Kerala,77.4,78.1,15,56,100.0,100.0,4,0,0,0,0,0,2.1,1,1.0,Completed,No material delay,No Major Intervention,Not Applicable
HIST-00321,Rajasthan Irrigation Canal Modernisation - Phase 2,Water Resources,Rajasthan,299.3,303.4,42,58,91.1,91.7,10,1,0,0,0,0,3.8,0,1.5,Completed,No material delay,No Major Intervention,Not Applicable
HIST-00322,Gujarat Solar Power Park - Phase 2,Power,Gujarat,316.4,321.9,29,79,100.0,100.0,9,1,0,0,0,0,-3.2,0,0.8,Completed,No material delay,No Major Intervention,Not Applicable
HIST-00323,West Bengal National Highway Widening - Phase 1,Roads,West Bengal,75.5,84.0,49,27,56.4,45.2,13,1,1,0,0,1,3.7,0,9.3,Under Review,No material delay,Contractor Replacement,Partially Successful
HIST-00324,Madhya Pradesh Expressway Corridor - Phase 1,Roads,Madhya Pradesh,199.2,226.0,50,24,40.4,32.6,12,2,1,0,0,0,7.3,5,6.2,Under Review,Land acquisition,Land Acquisition Task Force,Successful
HIST-00325,Jharkhand Railway Electrification Project - Phase 2,Railways,Jharkhand,199.2,214.3,72,53,83.9,78.0,18,1,0,1,0,0,4.3,2,3.6,Delayed,Pending clearance,Inter-Department Coordination,Successful
HIST-00326,Haryana Water Supply Augmentation - Phase 1,Water Resources,Haryana,569.0,634.0,22,18,62.4,76.9,4,3,0,0,0,0,8.5,5,9.6,Under Review,Milestone slippage,Milestone Restructuring,Partially Successful
HIST-00327,Madhya Pradesh Freight Corridor Development - Phase 1,Railways,Madhya Pradesh,25.0,25.9,47,12,2.5,2.1,14,0,1,0,0,0,-0.8,5,4.5,Under Review,Land acquisition,Land Acquisition Task Force,No Significant Improvement
HIST-00328,Maharashtra River Interlinking Scheme - Phase 3,Water Resources,Maharashtra,207.0,212.7,49,21,38.3,31.2,16,0,1,0,0,0,3.9,1,2.8,Under Review,No material delay,No Major Intervention,Not Applicable
HIST-00329,Bihar Port Connectivity Corridor - Phase 3,Ports,Bihar,464.0,488.7,45,70,100.0,99.3,10,0,1,0,0,0,10.8,0,4.7,Completed,No material delay,Land Acquisition Task Force,Partially Successful
HIST-00330,Bihar Thermal Power Plant Modernisation - Phase 1,Power,Bihar,306.3,312.5,55,69,92.5,93.8,17,0,0,0,0,0,-4.9,0,2.2,Completed,No material delay,No Major Intervention,Not Applicable
HIST-00331,Karnataka Airport Cargo Complex - Phase 2,Airports,Karnataka,405.7,472.2,52,16,17.3,25.7,13,5,1,1,0,0,4.4,6,9.3,Under Review,Land acquisition,Land Acquisition Task Force,Successful
HIST-00332,Maharashtra Dam Rehabilitation Project - Phase 3,Water Resources,Maharashtra,206.8,211.3,24,71,94.0,92.7,4,0,1,0,0,0,-2.0,2,0.6,Delayed,Land acquisition,Land Acquisition Task Force,Successful
HIST-00333,Gujarat Substation Capacity Expansion - Phase 3,Power,Gujarat,939.8,939.8,51,29,61.7,52.2,10,1,0,0,0,0,-5.9,1,0.0,Under Review,No material delay,No Major Intervention,Not Applicable
HIST-00334,West Bengal Transmission Line Augmentation - Phase 1,Power,West Bengal,208.4,215.2,56,85,100.0,100.0,16,0,1,0,0,0,3.0,0,2.5,Completed,No material delay,No Major Intervention,Not Applicable
HIST-00335,Andhra Pradesh Transmission Line Augmentation - Phase 3,Power,Andhra Pradesh,237.4,241.0,52,70,99.5,82.5,13,0,0,0,0,0,-3.1,0,1.7,Completed,No material delay,No Major Intervention,Not Applicable
HIST-00336,Madhya Pradesh State Highway Upgradation - Phase 1,Roads,Madhya Pradesh,154.7,157.0,25,87,91.5,92.2,5,0,0,1,0,0,-1.1,0,1.1,Completed,No material delay,No Major Intervention,Not Applicable
HIST-00337,Bihar National Highway Widening - Phase 2,Roads,Bihar,767.4,807.4,76,80,100.0,100.0,21,0,1,0,0,0,6.5,10,5.0,Delayed,Land acquisition,Land Acquisition Task Force,Partially Successful
HIST-00338,West Bengal Railway Electrification Project - Phase 3,Railways,West Bengal,426.8,449.0,54,31,66.7,59.6,14,1,0,0,0,0,1.3,3,6.2,Delayed,Other execution delay,No Major Intervention,Not Applicable
HIST-00339,Haryana Metro Rail Extension - Phase 1,Railways,Haryana,335.2,392.0,56,78,100.0,100.0,11,1,0,1,0,1,0.3,4,10.3,Delayed,Contractor performance,Contractor Replacement,Partially Successful
HIST-00340,Haryana Port Connectivity Corridor - Phase 1,Ports,Haryana,468.0,493.2,52,42,82.2,84.2,10,1,0,1,0,1,-0.5,0,4.6,Under Review,No material delay,Contractor Replacement,No Significant Improvement
HIST-00341,West Bengal Airport Cargo Complex - Phase 2,Airports,West Bengal,581.2,601.6,19,53,100.0,100.0,5,0,0,0,0,0,-7.6,0,2.6,Completed,No material delay,No Major Intervention,Not Applicable
HIST-00342,Bihar Solar Power Park - Phase 3,Power,Bihar,671.5,782.1,27,87,92.9,100.0,7,1,1,0,1,0,7.9,9,16.2,Delayed,Land acquisition,Land Acquisition Task Force,No Significant Improvement
HIST-00343,Rajasthan Port Connectivity Corridor - Phase 3,Ports,Rajasthan,249.7,294.2,37,61,92.1,80.2,10,1,1,1,0,1,2.0,3,8.3,Delayed,Land acquisition,Land Acquisition Task Force,Successful
HIST-00344,Kerala Thermal Power Plant Modernisation - Phase 1,Power,Kerala,100.7,104.1,22,88,95.9,86.3,4,1,0,0,0,0,2.8,2,3.9,Delayed,Other execution delay,No Major Intervention,Not Applicable
HIST-00345,Karnataka National Highway Widening - Phase 3,Roads,Karnataka,863.6,977.2,44,77,98.8,100.0,11,1,1,0,1,0,-4.9,0,7.3,Completed with Cost Overrun,No material delay,Land Acquisition Task Force,Successful
HIST-00346,Tamil Nadu Container Yard Development - Phase 1,Ports,Tamil Nadu,277.3,281.7,33,19,64.2,71.4,10,0,0,0,0,0,0.9,0,1.8,Completed,No material delay,No Major Intervention,Not Applicable
HIST-00347,Odisha State Highway Upgradation - Phase 3,Roads,Odisha,552.1,571.5,32,64,95.9,100.0,8,0,1,0,0,0,1.0,5,2.2,Delayed,Land acquisition,Land Acquisition Task Force,Partially Successful
HIST-00348,Kerala State Highway Upgradation - Phase 1,Roads,Kerala,508.2,544.1,35,15,35.8,28.2,8,0,0,1,0,1,-6.7,2,4.9,Delayed,Contractor performance,Contractor Replacement,Partially Successful
HIST-00349,Gujarat Thermal Power Plant Modernisation - Phase 1,Power,Gujarat,174.9,190.0,38,31,73.8,80.8,7,3,0,0,0,0,11.6,0,4.5,Under Review,No material delay,Milestone Restructuring,Successful
HIST-00350,Haryana Container Yard Development - Phase 3,Ports,Haryana,119.9,122.8,45,22,59.0,52.4,13,0,0,0,0,0,1.4,1,3.3,Completed,No material delay,No Major Intervention,Not Applicable
HIST-00351,West Bengal Airport Cargo Complex - Phase 2,Airports,West Bengal,261.2,261.2,23,81,96.1,100.0,4,1,0,0,0,0,3.9,5,0.0,Delayed,Other execution delay,No Major Intervention,Not Applicable
HIST-00352,Rajasthan Freight Corridor Development - Phase 1,Railways,Rajasthan,574.1,583.7,14,22,97.9,100.0,4,1,0,0,0,0,1.3,5,1.8,Delayed,Other execution delay,No Major Intervention,Not Applicable
HIST-00353,Kerala Ring Road Development - Phase 1,Roads,Kerala,95.2,101.3,48,79,97.3,98.4,9,1,0,1,0,1,0.6,0,5.8,Completed with Cost Overrun,No material delay,Contractor Replacement,No Significant Improvement
HIST-00354,Madhya Pradesh State Highway Upgradation - Phase 2,Roads,Madhya Pradesh,485.5,539.8,63,23,27.9,22.2,16,1,1,0,0,0,4.5,5,8.7,Delayed,Land acquisition,Inter-Department Coordination,Partially Successful
HIST-00355,Andhra Pradesh Urban Renewal Mission - Phase 1,Urban Development,Andhra Pradesh,106.5,106.5,31,48,93.9,100.0,7,2,0,0,0,0,-1.5,0,0.0,Under Review,No material delay,No Major Intervention,Not Applicable
HIST-00356,Telangana Urban Renewal Mission - Phase 1,Urban Development,Telangana,43.5,45.5,54,83,100.0,100.0,12,0,1,0,0,0,-0.3,0,4.0,Completed,No material delay,No Major Intervention,Not Applicable
HIST-00357,Uttar Pradesh Port Connectivity Corridor - Phase 3,Ports,Uttar Pradesh,78.3,86.7,42,27,74.2,69.2,10,2,1,0,0,0,8.8,6,4.9,Under Review,Land acquisition,Land Acquisition Task Force,Successful
HIST-00358,Madhya Pradesh Sewerage Network Upgrade - Phase 3,Urban Development,Madhya Pradesh,1283.2,1283.2,26,26,100.0,100.0,7,1,0,0,0,0,3.2,2,0.0,Under Review,Other execution delay,No Major Intervention,Not Applicable
HIST-00359,Andhra Pradesh Port Terminal Expansion - Phase 2,Ports,Andhra Pradesh,210.5,255.5,62,12,37.7,39.8,17,1,1,1,1,1,2.9,5,13.7,Under Review,Land acquisition,Land Acquisition Task Force,Successful
HIST-00360,Haryana Irrigation Canal Modernisation - Phase 1,Water Resources,Haryana,594.1,636.5,38,60,96.1,100.0,9,1,0,0,0,1,1.6,0,6.8,Completed with Cost Overrun,No material delay,Contractor Replacement,No Significant Improvement
HIST-00361,Madhya Pradesh Irrigation Canal Modernisation - Phase 1,Water Resources,Madhya Pradesh,405.9,446.1,61,64,96.8,100.0,15,0,1,0,0,0,1.7,1,12.1,Completed with Cost Overrun,No material delay,No Major Intervention,Not Applicable
HIST-00362,Maharashtra Solar Power Park - Phase 1,Power,Maharashtra,382.3,382.3,71,50,78.9,64.2,14,0,1,0,0,0,-3.0,0,0.0,Completed,No material delay,Inter-Department Coordination,Successful
HIST-00363,Jharkhand Urban Renewal Mission - Phase 2,Urban Development,Jharkhand,933.7,933.7,48,65,100.0,100.0,11,0,0,0,0,0,1.0,5,0.0,Delayed,Other execution delay,No Major Intervention,Not Applicable
HIST-00364,Maharashtra Solar Power Park - Phase 1,Power,Maharashtra,187.4,214.0,48,67,100.0,82.8,13,2,1,1,0,1,1.8,2,12.0,Delayed,Land acquisition,Contractor Replacement,Partially Successful
HIST-00365,Karnataka National Highway Widening - Phase 2,Roads,Karnataka,258.4,258.4,29,19,80.3,79.2,10,0,0,0,0,0,-6.4,1,1.0,Completed,No material delay,No Major Intervention,Not Applicable
HIST-00366,Tamil Nadu Affordable Housing Scheme - Phase 1,Urban Development,Tamil Nadu,257.5,261.5,30,33,98.4,99.7,12,0,0,0,0,0,-3.8,1,2.2,Completed,No material delay,No Major Intervention,Not Applicable
HIST-00367,Kerala Expressway Corridor - Phase 1,Roads,Kerala,233.3,242.2,46,62,100.0,100.0,13,0,0,0,0,0,-2.2,0,3.1,Completed,No material delay,No Major Intervention,Not Applicable
HIST-00368,Kerala Irrigation Canal Modernisation - Phase 2,Water Resources,Kerala,566.6,592.7,17,32,100.0,89.5,4,0,1,0,0,0,1.3,0,6.4,Completed with Cost Overrun,No material delay,No Major Intervention,Not Applicable
HIST-00369,Gujarat Airport Cargo Complex - Phase 1,Airports,Gujarat,216.6,240.1,42,54,100.0,87.5,11,1,0,0,1,0,9.1,7,8.2,Delayed,Funding release,Additional Funding Approval,No Significant Improvement
HIST-00370,Madhya Pradesh River Interlinking Scheme - Phase 1,Water Resources,Madhya Pradesh,170.0,197.7,46,45,99.5,81.4,12,2,1,0,1,0,10.2,7,11.5,Delayed,Land acquisition,Land Acquisition Task Force,Successful
HIST-00371,Karnataka Metro Rail Extension - Phase 3,Railways,Karnataka,256.0,268.2,62,76,100.0,95.5,17,1,0,1,0,0,0.6,0,5.6,Completed with Cost Overrun,No material delay,No Major Intervention,Not Applicable
HIST-00372,Haryana Solar Power Park - Phase 3,Power,Haryana,164.0,164.0,51,42,78.0,80.7,11,2,0,0,0,0,-2.9,1,1.2,Completed,No material delay,No Major Intervention,Not Applicable
HIST-00373,Jharkhand Sewerage Network Upgrade - Phase 1,Urban Development,Jharkhand,215.7,248.4,44,25,48.1,38.8,11,4,0,1,0,1,4.9,7,12.9,Under Review,Milestone slippage,Contractor Replacement,Partially Successful
HIST-00374,Gujarat Ring Road Development - Phase 3,Roads,Gujarat,470.5,480.8,47,12,22.4,28.3,10,1,0,0,0,0,-0.1,0,0.9,Under Review,No material delay,No Major Intervention,Not Applicable
HIST-00375,Tamil Nadu Expressway Corridor - Phase 3,Roads,Tamil Nadu,682.0,689.5,34,31,99.4,98.7,6,0,1,0,0,0,-7.6,0,1.2,Under Review,No material delay,No Major Intervention,Not Applicable
HIST-00376,Karnataka River Interlinking Scheme - Phase 2,Water Resources,Karnataka,508.1,530.6,43,82,94.5,83.2,11,0,0,1,0,0,10.7,2,2.4,Delayed,Pending clearance,Inter-Department Coordination,Successful
HIST-00377,Karnataka Solar Power Park - Phase 2,Power,Karnataka,203.0,235.3,48,89,99.9,95.5,15,0,1,1,0,0,5.5,9,15.5,Delayed,Land acquisition,Land Acquisition Task Force,No Significant Improvement
HIST-00378,West Bengal Runway Expansion Project - Phase 1,Airports,West Bengal,688.6,700.4,35,68,100.0,100.0,10,0,0,0,0,0,-1.4,0,1.3,Completed,No material delay,Milestone Restructuring,Successful
HIST-00379,Bihar Container Yard Development - Phase 3,Ports,Bihar,38.3,39.4,62,17,27.8,37.0,18,0,0,0,0,0,-4.1,1,3.0,Under Review,No material delay,No Major Intervention,Not Applicable
HIST-00380,Uttar Pradesh Runway Expansion Project - Phase 2,Airports,Uttar Pradesh,87.8,88.4,35,60,92.8,92.2,9,0,0,1,0,0,5.0,1,0.1,Completed,No material delay,No Major Intervention,Not Applicable
HIST-00381,Tamil Nadu Solar Power Park - Phase 2,Power,Tamil Nadu,234.4,247.0,60,88,98.5,90.1,15,0,0,1,0,0,4.2,0,6.4,Completed with Cost Overrun,No material delay,No Major Intervention,Not Applicable
HIST-00382,Maharashtra State Highway Upgradation - Phase 1,Roads,Maharashtra,234.7,250.1,73,56,75.0,58.4,16,0,0,0,1,0,-6.6,0,6.4,Completed with Cost Overrun,No material delay,Additional Funding Approval,No Significant Improvement
HIST-00383,Gujarat Rail Line Doubling - Phase 3,Railways,Gujarat,317.9,342.8,59,89,96.9,97.7,15,0,0,0,1,0,-1.4,2,7.1,Delayed,Funding release,Additional Funding Approval,No Significant Improvement
HIST-00384,Telangana Solar Power Park - Phase 2,Power,Telangana,198.3,209.8,38,30,79.0,69.1,10,1,0,0,0,0,0.4,1,4.5,Under Review,No material delay,No Major Intervention,Not Applicable
HIST-00385,Maharashtra Solar Power Park - Phase 1,Power,Maharashtra,216.9,232.8,43,22,44.6,47.3,8,1,1,0,0,0,0.8,7,4.9,Under Review,Land acquisition,Land Acquisition Task Force,Partially Successful
HIST-00386,Gujarat Railway Electrification Project - Phase 2,Railways,Gujarat,125.0,125.0,42,24,68.7,61.9,12,0,1,0,0,0,-1.0,1,1.1,Under Review,No material delay,No Major Intervention,Not Applicable
HIST-00387,Jharkhand State Highway Upgradation - Phase 1,Roads,Jharkhand,454.3,460.5,15,12,78.6,77.5,4,1,1,0,0,0,-6.2,0,1.2,Under Review,No material delay,No Major Intervention,Not Applicable
HIST-00388,Madhya Pradesh Sewerage Network Upgrade - Phase 3,Urban Development,Madhya Pradesh,81.3,89.5,64,67,100.0,87.6,19,2,0,1,1,0,-2.7,1,7.7,Completed with Cost Overrun,No material delay,Additional Funding Approval,No Significant Improvement
HIST-00389,Uttar Pradesh State Highway Upgradation - Phase 3,Roads,Uttar Pradesh,624.9,694.4,29,52,88.4,90.9,6,2,0,0,1,0,5.8,2,9.8,Delayed,Milestone slippage,Additional Funding Approval,No Significant Improvement
HIST-00390,Bihar Irrigation Canal Modernisation - Phase 2,Water Resources,Bihar,418.7,420.9,18,81,100.0,97.7,5,1,1,0,0,0,5.2,3,0.0,Delayed,Land acquisition,Land Acquisition Task Force,Successful
HIST-00391,Jharkhand Port Connectivity Corridor - Phase 2,Ports,Jharkhand,355.0,388.7,17,78,100.0,100.0,4,0,1,0,0,0,2.9,8,9.8,Delayed,Land acquisition,Land Acquisition Task Force,No Significant Improvement
HIST-00392,Andhra Pradesh National Highway Widening - Phase 3,Roads,Andhra Pradesh,105.9,105.9,33,78,99.5,90.0,8,0,0,0,0,0,4.6,1,0.6,Completed,No material delay,No Major Intervention,Not Applicable
HIST-00393,Maharashtra Ring Road Development - Phase 2,Roads,Maharashtra,165.0,194.5,39,62,100.0,98.1,8,0,1,1,1,0,2.4,6,16.9,Delayed,Land acquisition,Land Acquisition Task Force,Partially Successful
HIST-00394,Jharkhand Smart City Development - Phase 1,Urban Development,Jharkhand,528.1,564.7,43,89,100.0,94.8,9,0,0,0,1,0,8.3,0,7.8,Completed with Cost Overrun,No material delay,Additional Funding Approval,No Significant Improvement
HIST-00395,Uttar Pradesh Container Yard Development - Phase 2,Ports,Uttar Pradesh,173.3,174.4,14,38,91.9,93.1,4,0,0,0,0,0,1.4,1,0.9,Completed,No material delay,No Major Intervention,Not Applicable
HIST-00396,West Bengal Transmission Line Augmentation - Phase 1,Power,West Bengal,45.9,47.2,15,45,100.0,100.0,4,0,0,0,0,0,0.5,1,0.7,Completed,No material delay,No Major Intervention,Not Applicable
HIST-00397,Jharkhand Dam Rehabilitation Project - Phase 2,Water Resources,Jharkhand,346.5,363.2,45,35,65.7,67.4,9,1,1,0,0,0,1.0,1,5.2,Under Review,No material delay,No Major Intervention,Not Applicable
HIST-00398,Uttar Pradesh River Interlinking Scheme - Phase 2,Water Resources,Uttar Pradesh,132.9,144.7,20,47,100.0,100.0,8,1,1,0,0,0,7.9,4,3.2,Delayed,Land acquisition,Land Acquisition Task Force,Successful
HIST-00399,Madhya Pradesh Port Connectivity Corridor - Phase 2,Ports,Madhya Pradesh,69.3,84.4,18,40,89.8,88.8,5,2,1,1,0,1,2.2,10,21.4,Delayed,Land acquisition,Land Acquisition Task Force,No Significant Improvement
HIST-00400,Madhya Pradesh National Highway Widening - Phase 1,Roads,Madhya Pradesh,111.9,113.8,52,38,70.5,75.9,14,0,0,0,0,0,-4.0,0,1.9,Under Review,No material delay,No Major Intervention,Not Applicable
HIST-00401,Kerala Transmission Line Augmentation - Phase 3,Power,Kerala,116.9,122.4,47,20,37.6,29.6,14,2,0,0,0,1,-4.1,0,3.8,Completed,No material delay,Contractor Replacement,Successful
HIST-00402,Maharashtra Airport Terminal Development - Phase 1,Airports,Maharashtra,134.1,140.7,60,7,1.7,17.0,17,0,0,0,1,0,6.7,1,5.8,Under Review,No material delay,No Major Intervention,Not Applicable
HIST-00403,Maharashtra State Highway Upgradation - Phase 3,Roads,Maharashtra,93.8,93.8,49,72,100.0,92.4,15,1,0,0,0,0,4.8,4,0.0,Delayed,Other execution delay,No Major Intervention,Not Applicable
HIST-00404,Kerala Ring Road Development - Phase 2,Roads,Kerala,276.0,283.0,31,29,100.0,97.5,6,0,1,0,0,0,-8.2,0,1.8,Completed,No material delay,No Major Intervention,Not Applicable
HIST-00405,Kerala Water Supply Augmentation - Phase 2,Water Resources,Kerala,138.0,148.8,14,18,89.9,93.4,4,1,0,0,1,0,8.3,0,4.0,Completed,No material delay,Additional Funding Approval,Successful
HIST-00406,Telangana Freight Corridor Development - Phase 2,Railways,Telangana,892.0,934.3,30,83,100.0,98.4,7,0,1,0,0,0,5.9,3,2.8,Delayed,Land acquisition,Land Acquisition Task Force,Successful
HIST-00407,Andhra Pradesh Port Connectivity Corridor - Phase 3,Ports,Andhra Pradesh,218.2,218.7,61,88,100.0,100.0,17,0,0,0,0,0,-5.8,0,0.7,Completed,No material delay,No Major Intervention,Not Applicable
HIST-00408,Andhra Pradesh Transmission Line Augmentation - Phase 3,Power,Andhra Pradesh,366.3,366.3,68,50,70.3,65.7,19,1,0,0,0,0,0.9,0,0.0,Under Review,No material delay,No Major Intervention,Not Applicable
HIST-00409,West Bengal Water Supply Augmentation - Phase 1,Water Resources,West Bengal,54.3,60.4,41,89,97.5,98.4,14,3,0,1,0,0,9.9,7,11.2,Delayed,Milestone slippage,Milestone Restructuring,Partially Successful
HIST-00410,Telangana Sewerage Network Upgrade - Phase 3,Urban Development,Telangana,597.4,603.9,31,22,62.4,72.9,10,0,0,0,0,0,5.5,0,0.8,Completed,No material delay,No Major Intervention,Not Applicable
HIST-00411,Uttar Pradesh Expressway Corridor - Phase 3,Roads,Uttar Pradesh,41.0,49.6,59,76,82.4,95.7,13,2,1,1,1,0,9.9,9,21.5,Delayed,Land acquisition,No Major Intervention,Not Applicable
HIST-00412,Telangana Solar Power Park - Phase 3,Power,Telangana,138.6,141.1,33,12,35.9,52.6,7,0,0,0,0,0,-4.8,0,1.3,Under Review,No material delay,No Major Intervention,Not Applicable
HIST-00413,Odisha Metro Rail Extension - Phase 1,Railways,Odisha,1478.5,1710.7,46,28,47.8,49.0,10,2,1,1,1,0,1.2,5,7.1,Under Review,Land acquisition,Land Acquisition Task Force,Successful
HIST-00414,Uttar Pradesh State Highway Upgradation - Phase 3,Roads,Uttar Pradesh,312.6,317.7,45,49,100.0,100.0,10,0,0,0,0,0,5.0,4,0.6,Delayed,Other execution delay,No Major Intervention,Not Applicable
HIST-00415,Bihar Irrigation Canal Modernisation - Phase 2,Water Resources,Bihar,172.2,193.9,32,69,100.0,100.0,8,0,1,0,0,1,8.1,0,6.5,Completed with Cost Overrun,No material delay,Contractor Replacement,Successful
HIST-00416,Haryana Port Connectivity Corridor - Phase 1,Ports,Haryana,54.0,54.5,35,44,100.0,100.0,12,0,0,0,0,0,2.6,1,2.7,Completed,No material delay,No Major Intervention,Not Applicable
HIST-00417,Telangana Irrigation Canal Modernisation - Phase 3,Water Resources,Telangana,507.2,535.3,43,31,73.9,83.9,6,2,0,0,0,1,-1.4,0,5.4,Under Review,No material delay,Contractor Replacement,Partially Successful
HIST-00418,Tamil Nadu Expressway Corridor - Phase 2,Roads,Tamil Nadu,163.4,170.4,32,56,93.1,96.7,5,1,0,1,0,0,0.5,1,4.1,Completed,No material delay,No Major Intervention,Not Applicable
HIST-00419,Maharashtra Airport Terminal Development - Phase 1,Airports,Maharashtra,599.2,624.6,66,37,52.2,38.5,18,0,0,0,0,0,-5.6,0,4.4,Under Review,No material delay,Additional Funding Approval,No Significant Improvement
HIST-00420,Karnataka Runway Expansion Project - Phase 1,Airports,Karnataka,543.3,562.5,37,82,100.0,94.3,11,0,0,0,0,1,1.8,0,3.1,Completed,No material delay,Contractor Replacement,No Significant Improvement
HIST-00421,West Bengal River Interlinking Scheme - Phase 2,Water Resources,West Bengal,74.8,79.9,35,71,100.0,100.0,10,0,0,0,0,0,8.1,0,6.0,Completed with Cost Overrun,No material delay,No Major Intervention,Not Applicable
HIST-00422,Madhya Pradesh Freight Corridor Development - Phase 2,Railways,Madhya Pradesh,108.8,111.7,42,9,13.7,36.3,12,1,0,0,0,0,2.9,1,1.4,Under Review,No material delay,No Major Intervention,Not Applicable
HIST-00423,Karnataka Water Supply Augmentation - Phase 2,Water Resources,Karnataka,2423.5,2547.1,30,13,44.1,36.7,7,0,1,0,0,0,-1.6,1,4.9,Under Review,No material delay,No Major Intervention,Not Applicable
HIST-00424,Maharashtra Irrigation Canal Modernisation - Phase 2,Water Resources,Maharashtra,419.1,440.1,56,7,17.0,29.8,16,1,1,1,0,0,-4.1,6,5.6,Under Review,Land acquisition,Land Acquisition Task Force,No Significant Improvement
HIST-00425,Andhra Pradesh National Highway Widening - Phase 3,Roads,Andhra Pradesh,190.7,216.6,40,84,100.0,92.8,12,0,1,1,0,0,3.5,4,8.1,Delayed,Land acquisition,Land Acquisition Task Force,Successful
HIST-00426,West Bengal Affordable Housing Scheme - Phase 3,Urban Development,West Bengal,209.8,213.6,21,8,46.5,40.5,6,1,0,0,0,0,5.7,1,1.7,Under Review,No material delay,No Major Intervention,Not Applicable
HIST-00427,Karnataka Ring Road Development - Phase 2,Roads,Karnataka,577.6,608.0,41,37,79.4,83.1,9,2,0,0,0,0,6.4,1,4.5,Completed,No material delay,Land Acquisition Task Force,No Significant Improvement
HIST-00428,Haryana Airport Terminal Development - Phase 3,Airports,Haryana,373.5,389.4,39,73,100.0,97.1,13,0,0,0,0,0,-3.4,1,4.9,Completed,No material delay,No Major Intervention,Not Applicable
HIST-00429,Rajasthan River Interlinking Scheme - Phase 1,Water Resources,Rajasthan,911.6,912.8,57,89,96.7,94.6,10,0,0,0,0,0,1.3,0,0.0,Completed,No material delay,Milestone Restructuring,Partially Successful
HIST-00430,Haryana Railway Electrification Project - Phase 1,Railways,Haryana,97.2,102.1,52,36,68.8,83.5,11,1,0,1,0,0,5.1,8,3.9,Delayed,Pending clearance,Inter-Department Coordination,Partially Successful
HIST-00431,West Bengal Runway Expansion Project - Phase 3,Airports,West Bengal,128.4,147.9,28,82,89.0,74.9,10,1,1,0,0,0,-8.5,3,4.9,Delayed,Land acquisition,Land Acquisition Task Force,Successful
HIST-00432,Odisha Water Supply Augmentation - Phase 2,Water Resources,Odisha,386.9,407.9,28,62,100.0,93.7,9,0,0,0,0,0,-2.1,6,5.3,Delayed,Other execution delay,No Major Intervention,Not Applicable
HIST-00433,Tamil Nadu Sewerage Network Upgrade - Phase 1,Urban Development,Tamil Nadu,481.0,481.3,52,47,91.7,75.9,13,1,0,0,0,0,5.6,0,0.5,Completed,No material delay,No Major Intervention,Not Applicable
HIST-00434,Maharashtra Ring Road Development - Phase 1,Roads,Maharashtra,185.0,203.6,37,36,100.0,97.1,10,2,1,0,0,1,3.5,0,6.4,Under Review,No material delay,Contractor Replacement,Successful
HIST-00435,Maharashtra Freight Corridor Development - Phase 3,Railways,Maharashtra,1130.3,1313.8,41,89,88.3,85.5,11,1,0,0,1,0,11.7,6,15.1,Delayed,Funding release,Additional Funding Approval,No Significant Improvement
HIST-00436,Haryana Urban Renewal Mission - Phase 2,Urban Development,Haryana,273.2,281.1,38,27,68.3,78.4,11,1,0,0,0,0,5.7,1,2.2,Completed,No material delay,No Major Intervention,Not Applicable
HIST-00437,Madhya Pradesh Metro Rail Extension - Phase 1,Railways,Madhya Pradesh,87.5,88.9,46,44,92.1,79.8,12,0,0,0,0,1,-1.3,0,2.5,Completed,No material delay,Contractor Replacement,No Significant Improvement
HIST-00438,Karnataka Transmission Line Augmentation - Phase 2,Power,Karnataka,506.0,516.1,41,11,10.2,15.0,6,0,0,0,0,0,-3.6,1,1.9,Under Review,No material delay,No Major Intervention,Not Applicable
HIST-00439,West Bengal Airport Terminal Development - Phase 1,Airports,West Bengal,102.1,106.4,43,30,81.0,88.9,9,0,1,0,0,0,-8.6,2,1.7,Under Review,Land acquisition,Land Acquisition Task Force,Partially Successful
HIST-00440,Kerala Thermal Power Plant Modernisation - Phase 3,Power,Kerala,186.9,186.9,37,23,62.4,70.2,8,1,0,0,0,0,-3.2,1,0.0,Completed,No material delay,No Major Intervention,Not Applicable
HIST-00441,Bihar State Highway Upgradation - Phase 2,Roads,Bihar,68.7,76.8,35,19,66.6,60.6,9,2,1,0,0,0,10.5,4,4.8,Under Review,Land acquisition,Land Acquisition Task Force,Successful
HIST-00442,Andhra Pradesh Container Yard Development - Phase 1,Ports,Andhra Pradesh,243.3,270.9,50,29,50.2,58.7,13,4,0,0,0,1,8.3,9,11.6,Under Review,Milestone slippage,Contractor Replacement,No Significant Improvement
HIST-00443,Madhya Pradesh Metro Rail Extension - Phase 3,Railways,Madhya Pradesh,447.0,461.5,46,57,100.0,100.0,11,0,1,0,0,0,7.0,1,1.8,Completed,No material delay,No Major Intervention,Not Applicable
HIST-00444,Karnataka State Highway Upgradation - Phase 3,Roads,Karnataka,239.0,250.9,42,21,57.1,65.4,8,0,0,0,0,0,0.0,0,7.4,Under Review,No material delay,No Major Intervention,Not Applicable
HIST-00445,Maharashtra Smart City Development - Phase 1,Urban Development,Maharashtra,242.4,251.7,47,49,98.8,88.1,13,2,0,1,0,0,2.6,0,4.1,Completed,No material delay,No Major Intervention,Not Applicable
HIST-00446,Telangana Urban Renewal Mission - Phase 2,Urban Development,Telangana,88.6,92.5,40,6,19.2,21.4,7,0,0,1,0,0,2.0,0,4.1,Under Review,No material delay,No Major Intervention,Not Applicable
HIST-00447,Madhya Pradesh Container Yard Development - Phase 1,Ports,Madhya Pradesh,516.6,549.8,32,8,40.2,45.2,11,1,0,0,0,0,3.4,0,6.0,Under Review,No material delay,No Major Intervention,Not Applicable
HIST-00448,Rajasthan Rail Line Doubling - Phase 2,Railways,Rajasthan,195.1,214.2,27,84,100.0,89.9,12,0,1,0,0,0,10.6,8,10.0,Delayed,Land acquisition,Land Acquisition Task Force,No Significant Improvement
HIST-00449,Telangana Sewerage Network Upgrade - Phase 1,Urban Development,Telangana,248.2,287.3,28,17,67.8,66.0,6,2,1,0,0,1,12.3,0,13.5,Completed with Cost Overrun,No material delay,Contractor Replacement,Partially Successful
HIST-00450,Andhra Pradesh Ring Road Development - Phase 3,Roads,Andhra Pradesh,1323.9,1359.8,25,68,100.0,95.6,9,0,0,0,0,0,-1.0,1,2.2,Completed,No material delay,No Major Intervention,Not Applicable
HIST-00451,Andhra Pradesh Rail Line Doubling - Phase 3,Railways,Andhra Pradesh,203.2,242.9,28,84,98.7,87.7,7,0,1,1,1,1,5.6,0,17.5,Completed with Cost Overrun,No material delay,Additional Funding Approval,No Significant Improvement
HIST-00452,Gujarat Irrigation Canal Modernisation - Phase 3,Water Resources,Gujarat,2006.8,2167.5,44,75,100.0,77.8,15,2,0,0,0,1,10.4,1,5.8,Completed with Cost Overrun,No material delay,Contractor Replacement,Successful
HIST-00453,Maharashtra Port Terminal Expansion - Phase 2,Ports,Maharashtra,334.6,344.0,38,33,91.4,100.0,11,0,0,0,0,0,8.2,0,1.4,Under Review,No material delay,No Major Intervention,Not Applicable
HIST-00454,Gujarat Substation Capacity Expansion - Phase 1,Power,Gujarat,481.7,497.4,43,30,51.7,65.1,11,2,0,0,0,0,13.7,0,2.2,Completed,No material delay,No Major Intervention,Not Applicable
HIST-00455,Odisha Urban Renewal Mission - Phase 3,Urban Development,Odisha,217.2,231.4,31,52,93.8,95.9,11,0,1,0,0,1,-2.4,4,5.3,Delayed,Land acquisition,Land Acquisition Task Force,Successful
HIST-00456,Uttar Pradesh Water Supply Augmentation - Phase 2,Water Resources,Uttar Pradesh,213.4,218.3,52,37,73.2,76.3,14,0,0,0,0,1,-6.7,0,3.3,Completed,No material delay,Contractor Replacement,Partially Successful
HIST-00457,Maharashtra Freight Corridor Development - Phase 2,Railways,Maharashtra,185.2,185.9,41,70,100.0,100.0,7,0,0,1,0,0,0.4,6,1.7,Delayed,Pending clearance,Inter-Department Coordination,No Significant Improvement
HIST-00458,West Bengal Container Yard Development - Phase 1,Ports,West Bengal,321.7,337.3,42,82,100.0,94.8,12,0,1,0,0,0,2.7,1,2.3,Completed,No material delay,No Major Intervention,Not Applicable
HIST-00459,Madhya Pradesh Dam Rehabilitation Project - Phase 2,Water Resources,Madhya Pradesh,658.6,659.9,42,30,64.7,65.2,12,0,0,1,0,0,4.1,1,0.0,Completed,No material delay,No Major Intervention,Not Applicable
HIST-00460,Karnataka Railway Electrification Project - Phase 2,Railways,Karnataka,444.0,458.7,14,8,43.4,55.9,5,0,1,0,0,0,1.9,0,4.3,Under Review,No material delay,No Major Intervention,Not Applicable
HIST-00461,Haryana Freight Corridor Development - Phase 2,Railways,Haryana,290.4,311.7,66,28,44.8,58.4,14,1,0,0,0,0,7.8,0,7.1,Under Review,No material delay,No Major Intervention,Not Applicable
HIST-00462,Uttar Pradesh Railway Electrification Project - Phase 3,Railways,Uttar Pradesh,618.8,659.3,42,10,26.6,18.4,6,0,1,0,0,0,-0.5,0,7.2,Under Review,No material delay,No Major Intervention,Not Applicable
HIST-00463,Karnataka State Highway Upgradation - Phase 3,Roads,Karnataka,85.9,92.2,32,20,72.3,59.5,11,1,0,0,0,0,9.2,5,8.3,Delayed,Other execution delay,No Major Intervention,Not Applicable
HIST-00464,Andhra Pradesh Expressway Corridor - Phase 1,Roads,Andhra Pradesh,146.4,150.4,37,68,100.0,99.1,11,0,0,0,0,0,10.0,1,1.9,Completed,No material delay,No Major Intervention,Not Applicable
HIST-00465,Karnataka Port Connectivity Corridor - Phase 1,Ports,Karnataka,102.5,108.2,22,53,94.4,82.5,7,0,1,1,0,0,-2.0,4,2.2,Delayed,Land acquisition,Land Acquisition Task Force,Successful
HIST-00466,Gujarat Water Supply Augmentation - Phase 3,Water Resources,Gujarat,563.5,579.3,21,17,77.3,80.9,4,0,0,0,0,0,1.7,1,3.4,Completed,No material delay,No Major Intervention,Not Applicable
HIST-00467,Kerala Smart City Development - Phase 1,Urban Development,Kerala,178.3,185.7,30,75,100.0,93.8,6,0,0,0,0,0,-2.4,4,4.1,Delayed,Other execution delay,No Major Intervention,Not Applicable
HIST-00468,Jharkhand Water Supply Augmentation - Phase 2,Water Resources,Jharkhand,279.8,314.0,46,84,92.5,82.2,12,0,0,0,1,0,4.5,2,7.9,Delayed,Funding release,Additional Funding Approval,Successful
HIST-00469,West Bengal National Highway Widening - Phase 3,Roads,West Bengal,325.5,330.1,28,70,100.0,82.5,7,0,0,1,0,0,-1.3,0,0.8,Completed,No material delay,No Major Intervention,Not Applicable
HIST-00470,Madhya Pradesh Ring Road Development - Phase 3,Roads,Madhya Pradesh,162.2,165.0,51,70,100.0,99.8,11,0,0,0,0,0,-5.9,1,1.2,Completed,No material delay,Contractor Replacement,Partially Successful
HIST-00471,Andhra Pradesh Port Connectivity Corridor - Phase 1,Ports,Andhra Pradesh,342.1,360.4,44,40,97.1,100.0,13,0,1,0,0,0,1.9,1,4.3,Under Review,No material delay,No Major Intervention,Not Applicable
HIST-00472,Bihar Affordable Housing Scheme - Phase 1,Urban Development,Bihar,199.9,230.1,12,75,100.0,81.3,4,1,1,1,0,0,-0.1,7,13.4,Delayed,Land acquisition,Land Acquisition Task Force,Partially Successful
HIST-00473,Bihar Metro Rail Extension - Phase 2,Railways,Bihar,532.8,624.1,40,68,100.0,100.0,14,2,0,1,1,0,6.4,7,17.9,Delayed,Milestone slippage,Additional Funding Approval,No Significant Improvement
HIST-00474,West Bengal Rail Line Doubling - Phase 3,Railways,West Bengal,184.8,191.7,51,42,90.9,98.7,14,1,1,0,0,0,-5.3,3,4.6,Delayed,Land acquisition,Land Acquisition Task Force,Successful
HIST-00475,Jharkhand Ring Road Development - Phase 2,Roads,Jharkhand,423.7,434.2,74,57,67.7,77.3,21,0,0,0,0,0,1.9,2,1.5,Under Review,Other execution delay,No Major Intervention,Not Applicable
HIST-00476,Andhra Pradesh Freight Corridor Development - Phase 3,Railways,Andhra Pradesh,69.0,72.1,45,82,100.0,94.3,11,1,0,0,0,0,0.0,1,5.3,Completed with Cost Overrun,No material delay,No Major Intervention,Not Applicable
HIST-00477,Karnataka State Highway Upgradation - Phase 1,Roads,Karnataka,80.2,93.2,17,54,88.7,91.0,7,1,1,1,0,0,8.7,5,7.9,Delayed,Land acquisition,Land Acquisition Task Force,Successful
HIST-00478,Uttar Pradesh Airport Cargo Complex - Phase 2,Airports,Uttar Pradesh,827.2,844.9,42,14,38.9,45.9,11,0,0,0,0,0,5.0,0,0.4,Under Review,No material delay,No Major Intervention,Not Applicable
HIST-00479,Uttar Pradesh State Highway Upgradation - Phase 1,Roads,Uttar Pradesh,241.0,248.4,15,79,100.0,100.0,4,1,1,0,0,0,2.8,0,2.2,Completed,No material delay,No Major Intervention,Not Applicable
HIST-00480,Telangana National Highway Widening - Phase 1,Roads,Telangana,108.9,109.0,75,88,97.9,99.8,18,0,0,0,0,0,-0.4,0,1.4,Completed,No material delay,No Major Intervention,Not Applicable
HIST-00481,Uttar Pradesh National Highway Widening - Phase 2,Roads,Uttar Pradesh,97.3,99.3,21,26,99.8,97.8,11,0,1,0,0,0,-4.7,0,3.7,Completed,No material delay,No Major Intervention,Not Applicable
HIST-00482,Haryana Airport Terminal Development - Phase 3,Airports,Haryana,131.4,135.7,54,44,81.8,72.7,14,1,0,0,0,0,2.9,0,2.5,Under Review,No material delay,No Major Intervention,Not Applicable
HIST-00483,Maharashtra Runway Expansion Project - Phase 3,Airports,Maharashtra,497.3,514.0,26,17,63.0,63.3,4,0,0,0,0,0,-5.3,0,6.2,Under Review,No material delay,No Major Intervention,Not Applicable
HIST-00484,Odisha Freight Corridor Development - Phase 1,Railways,Odisha,101.5,119.4,67,72,86.0,89.7,16,2,1,0,0,0,10.0,7,13.4,Delayed,Land acquisition,Land Acquisition Task Force,Partially Successful
HIST-00485,Kerala Freight Corridor Development - Phase 2,Railways,Kerala,250.6,260.0,34,84,84.1,90.8,7,0,0,0,0,0,5.5,0,3.8,Completed,No material delay,No Major Intervention,Not Applicable
HIST-00486,Andhra Pradesh Expressway Corridor - Phase 1,Roads,Andhra Pradesh,102.9,103.2,20,10,44.8,48.5,6,0,1,0,0,0,-2.2,0,0.2,Completed,No material delay,No Major Intervention,Not Applicable
HIST-00487,Rajasthan Affordable Housing Scheme - Phase 3,Urban Development,Rajasthan,196.5,198.3,38,7,36.9,43.1,5,1,0,0,1,0,4.8,1,0.9,Under Review,No material delay,Additional Funding Approval,Successful
HIST-00488,Tamil Nadu Irrigation Canal Modernisation - Phase 3,Water Resources,Tamil Nadu,779.1,841.7,68,43,56.1,58.5,19,0,1,0,0,0,-1.7,1,8.8,Under Review,No material delay,No Major Intervention,Not Applicable
HIST-00489,Karnataka Railway Electrification Project - Phase 3,Railways,Karnataka,67.7,71.9,20,19,100.0,100.0,8,2,1,0,0,0,5.7,1,7.4,Completed with Cost Overrun,No material delay,No Major Intervention,Not Applicable
HIST-00490,Jharkhand Port Connectivity Corridor - Phase 2,Ports,Jharkhand,713.4,748.3,40,21,56.3,68.4,10,0,0,0,0,0,5.2,0,3.7,Under Review,No material delay,No Major Intervention,Not Applicable
HIST-00491,Haryana Ring Road Development - Phase 3,Roads,Haryana,103.1,103.1,56,76,100.0,98.1,15,0,0,0,0,0,-0.2,0,0.0,Completed,No material delay,No Major Intervention,Not Applicable
HIST-00492,Kerala Runway Expansion Project - Phase 2,Airports,Kerala,322.4,338.3,44,87,92.5,100.0,11,2,0,0,0,0,8.9,0,4.0,Completed,No material delay,No Major Intervention,Not Applicable
HIST-00493,Gujarat Thermal Power Plant Modernisation - Phase 1,Power,Gujarat,185.1,194.4,32,29,80.8,96.1,10,1,0,0,0,0,8.5,0,3.4,Completed,No material delay,No Major Intervention,Not Applicable
HIST-00494,Tamil Nadu Sewerage Network Upgrade - Phase 3,Urban Development,Tamil Nadu,595.7,611.4,22,75,93.0,89.2,4,2,0,0,0,0,6.0,1,3.7,Completed,No material delay,No Major Intervention,Not Applicable
HIST-00495,Bihar Thermal Power Plant Modernisation - Phase 1,Power,Bihar,517.1,540.2,63,67,100.0,99.8,18,1,0,0,0,0,-0.4,1,4.5,Completed,No material delay,No Major Intervention,Not Applicable
HIST-00496,West Bengal National Highway Widening - Phase 2,Roads,West Bengal,203.0,235.1,31,85,100.0,99.3,8,1,1,1,1,0,-0.2,6,12.7,Delayed,Land acquisition,Land Acquisition Task Force,Partially Successful
HIST-00497,Jharkhand Affordable Housing Scheme - Phase 2,Urban Development,Jharkhand,94.3,97.6,14,25,87.6,88.3,4,2,0,0,0,0,3.6,0,2.6,Completed,No material delay,No Major Intervention,Not Applicable
HIST-00498,Gujarat Irrigation Canal Modernisation - Phase 1,Water Resources,Gujarat,94.2,105.2,31,71,91.4,86.3,7,2,1,0,0,0,3.9,4,7.1,Delayed,Land acquisition,Land Acquisition Task Force,Successful
HIST-00499,Odisha Ring Road Development - Phase 1,Roads,Odisha,578.6,601.0,18,42,95.5,100.0,5,0,0,0,0,0,2.4,0,4.1,Completed,No material delay,No Major Intervention,Not Applicable
HIST-00500,Karnataka Ring Road Development - Phase 1,Roads,Karnataka,163.5,174.5,53,44,90.4,93.1,12,1,0,0,0,1,1.4,1,4.8,Under Review,No material delay,Contractor Replacement,Partially Successful
HIST-00501,Odisha Metro Rail Extension - Phase 1,Railways,Odisha,226.7,233.0,41,68,100.0,100.0,11,0,0,1,0,0,-2.2,1,0.8,Completed,No material delay,Inter-Department Coordination,No Significant Improvement
HIST-00502,Rajasthan Water Supply Augmentation - Phase 1,Water Resources,Rajasthan,171.7,173.3,36,64,100.0,100.0,9,0,0,1,0,0,-1.1,1,0.0,Completed,No material delay,No Major Intervention,Not Applicable
HIST-00503,Kerala Sewerage Network Upgrade - Phase 2,Urban Development,Kerala,127.3,135.3,38,39,100.0,81.3,10,0,0,0,1,0,-0.6,0,2.1,Completed,No material delay,Additional Funding Approval,Successful
HIST-00504,Bihar Port Connectivity Corridor - Phase 3,Ports,Bihar,706.6,779.9,45,30,72.9,82.1,13,1,1,0,0,0,1.3,8,10.7,Under Review,Land acquisition,Land Acquisition Task Force,No Significant Improvement
HIST-00505,Bihar Container Yard Development - Phase 3,Ports,Bihar,483.1,492.8,27,9,27.1,28.3,7,2,0,0,0,0,-0.2,1,1.4,Under Review,No material delay,No Major Intervention,Not Applicable
HIST-00506,Tamil Nadu Substation Capacity Expansion - Phase 3,Power,Tamil Nadu,34.5,35.2,56,44,66.0,71.1,16,0,0,0,0,0,-2.3,1,1.8,Completed,No material delay,No Major Intervention,Not Applicable
HIST-00507,Karnataka State Highway Upgradation - Phase 3,Roads,Karnataka,261.0,263.7,38,35,96.8,89.6,13,0,1,0,0,0,-2.7,0,0.8,Completed,No material delay,No Major Intervention,Not Applicable
HIST-00508,Bihar National Highway Widening - Phase 2,Roads,Bihar,69.1,72.9,31,56,93.6,84.3,7,1,1,0,0,0,3.4,9,5.3,Delayed,Land acquisition,Land Acquisition Task Force,Partially Successful
HIST-00509,Uttar Pradesh Smart City Development - Phase 2,Urban Development,Uttar Pradesh,542.5,614.5,55,30,49.3,54.9,11,1,0,1,0,1,12.1,0,11.5,Under Review,No material delay,Contractor Replacement,Partially Successful
HIST-00510,Telangana Rail Line Doubling - Phase 3,Railways,Telangana,214.1,233.6,44,45,95.9,100.0,12,1,1,0,0,0,0.4,0,5.1,Completed with Cost Overrun,No material delay,Contractor Replacement,Successful
HIST-00511,Madhya Pradesh Airport Terminal Development - Phase 2,Airports,Madhya Pradesh,919.6,958.2,67,33,56.8,65.2,14,1,0,0,0,1,4.6,0,2.2,Under Review,No material delay,Contractor Replacement,Successful
HIST-00512,Madhya Pradesh Rail Line Doubling - Phase 2,Railways,Madhya Pradesh,96.7,110.3,36,70,100.0,100.0,11,0,0,1,0,1,9.3,0,8.0,Completed with Cost Overrun,No material delay,Contractor Replacement,Successful
HIST-00513,Karnataka Expressway Corridor - Phase 1,Roads,Karnataka,468.3,534.8,48,29,63.8,81.8,15,2,0,1,0,1,6.8,8,11.9,Under Review,Milestone slippage,Additional Funding Approval,Partially Successful
HIST-00514,Odisha Irrigation Canal Modernisation - Phase 3,Water Resources,Odisha,1534.6,1651.7,42,15,35.9,19.3,7,1,0,1,1,0,-1.8,0,4.6,Under Review,No material delay,Additional Funding Approval,Successful
HIST-00515,Madhya Pradesh Ring Road Development - Phase 3,Roads,Madhya Pradesh,31.2,36.5,47,40,90.2,100.0,11,0,1,0,0,1,5.2,0,9.7,Under Review,No material delay,Contractor Replacement,Successful
HIST-00516,Madhya Pradesh Expressway Corridor - Phase 2,Roads,Madhya Pradesh,153.4,153.7,54,10,12.1,27.0,11,0,0,0,0,0,-0.8,0,0.0,Under Review,No material delay,No Major Intervention,Not Applicable
HIST-00517,Karnataka Smart City Development - Phase 3,Urban Development,Karnataka,237.5,264.8,29,10,31.7,16.2,11,2,1,0,0,0,12.9,10,11.5,Under Review,Land acquisition,Land Acquisition Task Force,No Significant Improvement
HIST-00518,West Bengal Freight Corridor Development - Phase 3,Railways,West Bengal,773.7,801.6,56,88,96.3,96.6,15,1,0,1,0,0,2.2,3,4.1,Delayed,Pending clearance,Inter-Department Coordination,Partially Successful
HIST-00519,Rajasthan Expressway Corridor - Phase 3,Roads,Rajasthan,234.0,253.8,36,69,96.1,97.8,8,0,1,0,1,0,-4.4,4,4.6,Delayed,Land acquisition,Land Acquisition Task Force,Partially Successful
HIST-00520,Odisha Water Supply Augmentation - Phase 1,Water Resources,Odisha,61.0,62.1,32,13,43.4,59.4,10,0,1,0,0,0,2.0,5,1.4,Under Review,Land acquisition,Land Acquisition Task Force,Partially Successful
HIST-00521,Tamil Nadu Airport Terminal Development - Phase 3,Airports,Tamil Nadu,284.1,321.1,26,46,94.2,87.9,8,3,0,0,0,1,4.9,0,12.6,Completed with Cost Overrun,No material delay,Contractor Replacement,No Significant Improvement
HIST-00522,Maharashtra National Highway Widening - Phase 1,Roads,Maharashtra,559.9,593.9,36,32,91.1,78.1,9,0,0,0,0,0,-11.4,0,5.0,Completed,No material delay,No Major Intervention,Not Applicable
HIST-00523,Gujarat Irrigation Canal Modernisation - Phase 3,Water Resources,Gujarat,258.1,279.2,45,12,37.3,39.0,9,2,0,0,1,0,-3.6,0,7.8,Under Review,No material delay,Additional Funding Approval,Partially Successful
HIST-00524,Gujarat Sewerage Network Upgrade - Phase 1,Urban Development,Gujarat,145.5,162.3,22,32,74.8,73.4,4,3,0,0,0,1,12.0,2,6.7,Delayed,Milestone slippage,Contractor Replacement,Successful
HIST-00525,Odisha Runway Expansion Project - Phase 3,Airports,Odisha,3233.9,3233.9,44,66,98.6,95.0,10,0,0,0,0,0,-2.6,0,0.0,Completed,No material delay,No Major Intervention,Not Applicable
HIST-00526,West Bengal Container Yard Development - Phase 2,Ports,West Bengal,126.4,148.3,65,70,100.0,100.0,17,0,1,0,1,1,0.0,8,17.4,Delayed,Land acquisition,Land Acquisition Task Force,No Significant Improvement
HIST-00527,West Bengal Runway Expansion Project - Phase 2,Airports,West Bengal,158.3,162.8,13,35,100.0,94.6,4,0,0,0,0,0,-2.2,0,4.0,Completed,No material delay,No Major Intervention,Not Applicable
HIST-00528,Tamil Nadu Rail Line Doubling - Phase 3,Railways,Tamil Nadu,216.3,236.6,51,67,100.0,100.0,15,0,1,0,0,0,4.1,0,8.4,Completed with Cost Overrun,No material delay,No Major Intervention,Not Applicable
HIST-00529,Gujarat Expressway Corridor - Phase 1,Roads,Gujarat,1358.9,1618.3,39,47,94.9,100.0,10,2,1,0,0,1,1.2,9,19.0,Delayed,Land acquisition,Land Acquisition Task Force,No Significant Improvement
HIST-00530,Odisha Water Supply Augmentation - Phase 3,Water Resources,Odisha,326.4,336.2,37,10,25.2,40.0,10,1,0,0,0,1,-2.7,0,3.5,Under Review,No material delay,No Major Intervention,Not Applicable
HIST-00531,Rajasthan State Highway Upgradation - Phase 1,Roads,Rajasthan,620.4,694.3,37,14,44.9,47.2,10,0,1,1,0,1,-2.8,7,11.5,Under Review,Land acquisition,Land Acquisition Task Force,No Significant Improvement
HIST-00532,Andhra Pradesh Rail Line Doubling - Phase 1,Railways,Andhra Pradesh,423.5,455.1,44,75,100.0,94.2,12,1,0,1,0,1,-0.3,1,5.5,Completed with Cost Overrun,No material delay,Contractor Replacement,No Significant Improvement
HIST-00533,Tamil Nadu Smart City Development - Phase 2,Urban Development,Tamil Nadu,209.8,223.9,37,40,92.9,92.5,5,0,0,0,1,0,4.4,3,5.6,Delayed,Funding release,Additional Funding Approval,Partially Successful
HIST-00534,Andhra Pradesh Railway Electrification Project - Phase 2,Railways,Andhra Pradesh,265.7,273.5,42,8,18.0,31.5,8,3,0,0,0,0,8.5,5,2.3,Delayed,Milestone slippage,Milestone Restructuring,Successful
HIST-00535,Haryana State Highway Upgradation - Phase 2,Roads,Haryana,74.3,74.9,62,6,13.9,12.4,18,1,0,0,0,0,-0.6,1,0.9,Under Review,No material delay,No Major Intervention,Not Applicable
HIST-00536,Odisha Port Connectivity Corridor - Phase 1,Ports,Odisha,263.6,289.1,16,52,100.0,100.0,6,1,1,0,0,0,0.1,0,10.1,Completed with Cost Overrun,No material delay,No Major Intervention,Not Applicable
HIST-00537,Gujarat Urban Renewal Mission - Phase 3,Urban Development,Gujarat,452.1,504.1,53,85,100.0,92.1,14,0,0,0,1,0,-0.4,0,9.4,Completed with Cost Overrun,No material delay,Additional Funding Approval,Partially Successful
HIST-00538,Telangana Expressway Corridor - Phase 1,Roads,Telangana,99.9,107.5,53,62,94.3,100.0,16,1,1,0,0,0,2.8,9,6.9,Delayed,Land acquisition,Land Acquisition Task Force,No Significant Improvement
HIST-00539,Telangana Urban Renewal Mission - Phase 3,Urban Development,Telangana,240.7,259.3,59,64,97.4,100.0,15,0,0,0,0,1,7.3,0,7.9,Completed with Cost Overrun,No material delay,Contractor Replacement,No Significant Improvement
HIST-00540,West Bengal Transmission Line Augmentation - Phase 3,Power,West Bengal,490.3,490.3,26,35,98.1,99.1,10,0,0,0,0,0,7.3,0,0.0,Completed,No material delay,No Major Intervention,Not Applicable
HIST-00541,Telangana Irrigation Canal Modernisation - Phase 3,Water Resources,Telangana,324.6,387.1,36,40,99.1,95.5,12,0,1,0,1,0,-1.5,5,14.7,Delayed,Land acquisition,Land Acquisition Task Force,Partially Successful
HIST-00542,West Bengal Substation Capacity Expansion - Phase 1,Power,West Bengal,189.4,199.1,41,73,88.8,78.3,11,0,0,0,0,0,1.9,0,5.6,Completed with Cost Overrun,No material delay,No Major Intervention,Not Applicable
HIST-00543,Maharashtra Expressway Corridor - Phase 1,Roads,Maharashtra,248.8,276.9,48,8,16.4,15.8,11,2,0,0,0,1,10.5,4,11.8,Under Review,Milestone slippage,Contractor Replacement,No Significant Improvement
HIST-00544,Kerala Solar Power Park - Phase 3,Power,Kerala,784.2,786.3,47,30,62.6,66.4,10,1,0,0,0,0,-8.4,0,1.9,Under Review,No material delay,No Major Intervention,Not Applicable
HIST-00545,Jharkhand Water Supply Augmentation - Phase 2,Water Resources,Jharkhand,313.9,322.2,50,21,39.0,22.7,15,1,0,0,0,0,0.6,0,2.8,Under Review,No material delay,No Major Intervention,Not Applicable
HIST-00546,Bihar Container Yard Development - Phase 2,Ports,Bihar,237.1,275.5,13,86,100.0,100.0,4,0,1,1,1,0,0.7,5,9.3,Delayed,Land acquisition,Land Acquisition Task Force,Successful
HIST-00547,Jharkhand Metro Rail Extension - Phase 1,Railways,Jharkhand,234.6,281.0,50,74,100.0,100.0,11,1,1,0,1,0,9.8,1,18.6,Completed with Cost Overrun,No material delay,Additional Funding Approval,No Significant Improvement
HIST-00548,West Bengal State Highway Upgradation - Phase 1,Roads,West Bengal,235.7,239.3,28,28,100.0,100.0,8,2,0,0,0,0,1.2,0,2.2,Completed,No material delay,No Major Intervention,Not Applicable
HIST-00549,Odisha Urban Renewal Mission - Phase 2,Urban Development,Odisha,209.8,225.7,32,66,88.1,74.0,6,0,1,1,0,0,0.2,7,8.5,Delayed,Land acquisition,Land Acquisition Task Force,No Significant Improvement
HIST-00550,Telangana Water Supply Augmentation - Phase 3,Water Resources,Telangana,307.0,332.1,22,28,100.0,92.5,7,0,0,1,1,1,-2.5,4,8.5,Delayed,Contractor performance,Additional Funding Approval,No Significant Improvement
HIST-00551,Telangana Thermal Power Plant Modernisation - Phase 2,Power,Telangana,1822.2,1982.9,37,85,100.0,96.3,5,1,1,0,0,0,8.2,10,9.6,Delayed,Land acquisition,Land Acquisition Task Force,No Significant Improvement
HIST-00552,Maharashtra Port Connectivity Corridor - Phase 3,Ports,Maharashtra,434.0,464.9,43,45,100.0,100.0,9,1,0,1,0,0,13.2,7,7.0,Delayed,Pending clearance,Inter-Department Coordination,Partially Successful
HIST-00553,Haryana Metro Rail Extension - Phase 1,Railways,Haryana,255.2,279.3,33,57,94.9,87.9,8,0,1,0,1,0,-2.4,1,6.6,Completed with Cost Overrun,No material delay,Additional Funding Approval,Partially Successful
HIST-00554,Karnataka State Highway Upgradation - Phase 2,Roads,Karnataka,105.1,116.3,31,62,100.0,96.3,8,2,1,0,0,0,10.4,9,7.3,Delayed,Land acquisition,Land Acquisition Task Force,Partially Successful
HIST-00555,Odisha Container Yard Development - Phase 2,Ports,Odisha,591.5,597.6,31,25,86.6,60.3,9,1,0,0,0,0,3.0,6,2.0,Under Review,Other execution delay,No Major Intervention,Not Applicable
HIST-00556,Gujarat Airport Cargo Complex - Phase 1,Airports,Gujarat,76.9,81.9,53,53,97.3,91.9,12,1,0,0,1,0,6.4,0,4.2,Completed,No material delay,Additional Funding Approval,Successful
HIST-00557,Gujarat Port Terminal Expansion - Phase 1,Ports,Gujarat,171.3,176.7,26,10,44.4,44.8,4,1,0,0,0,1,-4.0,2,2.2,Delayed,Contractor performance,Contractor Replacement,No Significant Improvement
HIST-00558,Bihar Affordable Housing Scheme - Phase 1,Urban Development,Bihar,186.8,194.1,62,35,56.4,47.4,15,4,0,0,0,0,-0.9,0,2.5,Under Review,No material delay,Milestone Restructuring,Successful
HIST-00559,Rajasthan Affordable Housing Scheme - Phase 2,Urban Development,Rajasthan,176.3,217.3,66,81,95.7,100.0,14,1,1,1,1,1,1.3,8,20.0,Delayed,Land acquisition,Land Acquisition Task Force,Partially Successful
HIST-00560,Kerala Smart City Development - Phase 3,Urban Development,Kerala,127.6,127.6,47,78,94.9,100.0,11,0,0,0,0,0,14.8,0,1.0,Completed,No material delay,No Major Intervention,Not Applicable
HIST-00561,Odisha Thermal Power Plant Modernisation - Phase 3,Power,Odisha,352.3,369.1,50,73,99.2,100.0,12,0,0,0,1,0,8.6,2,3.4,Delayed,Funding release,Additional Funding Approval,Partially Successful
HIST-00562,Gujarat Container Yard Development - Phase 3,Ports,Gujarat,108.9,112.4,36,87,94.5,95.2,8,1,0,1,0,0,7.8,2,1.5,Delayed,Pending clearance,Inter-Department Coordination,Successful
HIST-00563,Uttar Pradesh Airport Terminal Development - Phase 1,Airports,Uttar Pradesh,62.0,63.8,61,80,97.5,100.0,18,0,0,0,0,0,1.9,1,3.2,Completed,No material delay,No Major Intervention,Not Applicable
HIST-00564,Andhra Pradesh Expressway Corridor - Phase 1,Roads,Andhra Pradesh,314.9,351.6,60,62,85.8,100.0,16,2,1,0,0,0,6.5,8,12.1,Under Review,Land acquisition,Land Acquisition Task Force,No Significant Improvement
HIST-00565,Bihar Ring Road Development - Phase 1,Roads,Bihar,275.9,306.0,41,9,17.1,39.7,9,0,1,0,0,0,1.9,4,5.8,Under Review,Land acquisition,Land Acquisition Task Force,Successful
HIST-00566,Odisha Solar Power Park - Phase 3,Power,Odisha,122.2,132.2,30,16,46.9,44.5,10,1,0,0,0,1,3.4,0,6.9,Under Review,No material delay,Contractor Replacement,No Significant Improvement
HIST-00567,Gujarat Dam Rehabilitation Project - Phase 1,Water Resources,Gujarat,334.3,363.2,36,57,100.0,98.7,9,0,1,0,0,1,-3.3,1,8.4,Completed with Cost Overrun,No material delay,Contractor Replacement,No Significant Improvement
HIST-00568,Uttar Pradesh Metro Rail Extension - Phase 1,Railways,Uttar Pradesh,421.8,453.1,46,88,93.4,83.9,19,0,0,0,1,0,-1.9,0,4.3,Completed,No material delay,Additional Funding Approval,Partially Successful
HIST-00569,Telangana Metro Rail Extension - Phase 1,Railways,Telangana,437.9,477.9,51,16,27.5,17.3,12,0,1,0,1,0,-7.5,0,3.2,Under Review,No material delay,Additional Funding Approval,Successful
HIST-00570,Maharashtra River Interlinking Scheme - Phase 3,Water Resources,Maharashtra,194.6,228.5,71,66,83.6,89.2,14,1,1,0,0,1,-5.1,4,14.1,Delayed,Land acquisition,Land Acquisition Task Force,Partially Successful
HIST-00571,Kerala Irrigation Canal Modernisation - Phase 1,Water Resources,Kerala,945.4,965.2,33,6,19.8,27.8,8,0,0,0,0,0,-3.9,1,2.7,Under Review,No material delay,No Major Intervention,Not Applicable
HIST-00572,West Bengal Ring Road Development - Phase 1,Roads,West Bengal,648.1,745.8,78,78,99.1,86.5,15,1,1,0,0,1,5.1,6,11.4,Delayed,Land acquisition,Land Acquisition Task Force,Partially Successful
HIST-00573,Madhya Pradesh Water Supply Augmentation - Phase 1,Water Resources,Madhya Pradesh,221.8,222.5,40,15,29.5,32.7,12,1,0,0,0,0,-2.0,0,0.0,Under Review,No material delay,No Major Intervention,Not Applicable
HIST-00574,Maharashtra Container Yard Development - Phase 3,Ports,Maharashtra,119.0,128.9,56,80,100.0,100.0,12,1,1,1,0,0,3.9,0,6.6,Completed with Cost Overrun,No material delay,Inter-Department Coordination,No Significant Improvement
HIST-00575,Rajasthan Runway Expansion Project - Phase 2,Airports,Rajasthan,71.8,73.4,26,71,100.0,94.8,7,0,1,0,0,0,-7.7,1,1.2,Completed,No material delay,No Major Intervention,Not Applicable
HIST-00576,Gujarat Rail Line Doubling - Phase 2,Railways,Gujarat,87.7,88.2,38,31,62.0,59.6,8,2,0,0,0,0,7.9,1,0.7,Under Review,No material delay,Additional Funding Approval,Successful
HIST-00577,Jharkhand Port Terminal Expansion - Phase 3,Ports,Jharkhand,165.0,166.4,31,75,97.0,100.0,9,0,0,1,0,0,-3.4,0,2.6,Completed,No material delay,No Major Intervention,Not Applicable
HIST-00578,Haryana Sewerage Network Upgrade - Phase 1,Urban Development,Haryana,131.1,147.7,49,34,74.0,60.1,11,1,0,0,1,0,7.1,0,6.7,Under Review,No material delay,Additional Funding Approval,Successful
HIST-00579,Bihar Container Yard Development - Phase 3,Ports,Bihar,95.6,107.1,70,39,53.7,70.9,16,0,1,0,1,0,-5.5,4,8.4,Under Review,Land acquisition,Land Acquisition Task Force,Successful
HIST-00580,Telangana Metro Rail Extension - Phase 1,Railways,Telangana,416.1,483.0,75,58,69.7,70.4,19,2,1,0,0,0,9.6,9,12.3,Under Review,Land acquisition,Land Acquisition Task Force,Partially Successful
HIST-00581,Haryana River Interlinking Scheme - Phase 2,Water Resources,Haryana,94.1,95.0,50,36,63.9,78.1,12,1,0,0,0,0,-0.8,0,0.5,Under Review,No material delay,No Major Intervention,Not Applicable
HIST-00582,Bihar Freight Corridor Development - Phase 1,Railways,Bihar,380.7,390.5,36,15,35.2,28.3,8,1,0,0,0,0,-4.0,0,2.3,Under Review,No material delay,No Major Intervention,Not Applicable
HIST-00583,Maharashtra Airport Terminal Development - Phase 3,Airports,Maharashtra,66.4,78.9,67,56,86.6,98.5,16,1,1,0,1,0,3.9,6,14.7,Under Review,Land acquisition,Land Acquisition Task Force,Partially Successful
HIST-00584,Gujarat State Highway Upgradation - Phase 3,Roads,Gujarat,416.2,461.0,46,18,60.0,63.4,14,0,1,0,1,0,5.7,8,11.0,Under Review,Land acquisition,Land Acquisition Task Force,No Significant Improvement
HIST-00585,Gujarat Substation Capacity Expansion - Phase 2,Power,Gujarat,215.4,221.4,38,27,59.5,62.1,10,2,0,0,0,0,3.2,0,3.2,Under Review,No material delay,No Major Intervention,Not Applicable
HIST-00586,Tamil Nadu Airport Terminal Development - Phase 1,Airports,Tamil Nadu,63.0,64.8,42,47,93.5,91.7,14,1,0,0,0,0,6.0,1,1.9,Completed,No material delay,No Major Intervention,Not Applicable
HIST-00587,Haryana River Interlinking Scheme - Phase 3,Water Resources,Haryana,135.0,157.0,42,85,96.8,87.0,12,0,1,1,0,1,-2.3,5,10.4,Delayed,Land acquisition,Land Acquisition Task Force,Successful
HIST-00588,Andhra Pradesh Freight Corridor Development - Phase 1,Railways,Andhra Pradesh,875.7,946.3,36,82,89.7,95.1,9,2,1,0,0,0,3.0,7,5.8,Delayed,Land acquisition,Land Acquisition Task Force,Successful
HIST-00589,West Bengal Substation Capacity Expansion - Phase 1,Power,West Bengal,176.6,182.4,60,11,17.6,15.1,10,1,0,0,0,0,5.1,3,1.6,Under Review,Other execution delay,Inter-Department Coordination,Partially Successful
HIST-00590,Maharashtra Ring Road Development - Phase 3,Roads,Maharashtra,111.9,113.9,37,48,100.0,93.2,13,1,0,1,0,0,-4.3,0,1.6,Under Review,No material delay,No Major Intervention,Not Applicable
HIST-00591,Madhya Pradesh River Interlinking Scheme - Phase 3,Water Resources,Madhya Pradesh,4630.4,4635.9,51,80,89.3,75.8,13,0,0,0,0,0,2.3,3,0.0,Delayed,Other execution delay,No Major Intervention,Not Applicable
HIST-00592,Andhra Pradesh State Highway Upgradation - Phase 1,Roads,Andhra Pradesh,462.8,551.7,42,60,90.4,93.6,14,4,0,1,0,1,6.3,0,10.3,Completed with Cost Overrun,No material delay,Contractor Replacement,Successful
HIST-00593,Telangana Freight Corridor Development - Phase 3,Railways,Telangana,75.1,76.3,12,49,86.5,83.0,4,1,1,0,0,0,-0.4,0,0.0,Completed,No material delay,Milestone Restructuring,Successful
HIST-00594,Rajasthan Transmission Line Augmentation - Phase 3,Power,Rajasthan,205.7,205.7,35,46,97.6,100.0,11,0,0,0,0,0,5.0,0,0.0,Completed,No material delay,No Major Intervention,Not Applicable
HIST-00595,Madhya Pradesh Container Yard Development - Phase 2,Ports,Madhya Pradesh,80.4,84.7,22,10,51.3,52.3,7,0,1,0,0,0,0.1,1,6.1,Under Review,No material delay,No Major Intervention,Not Applicable
HIST-00596,Haryana Water Supply Augmentation - Phase 3,Water Resources,Haryana,102.4,123.7,43,71,88.2,99.1,7,3,1,0,0,1,12.5,3,9.2,Delayed,Land acquisition,Land Acquisition Task Force,Successful
HIST-00597,Odisha Urban Renewal Mission - Phase 3,Urban Development,Odisha,1219.6,1333.2,29,19,65.7,58.5,7,3,0,0,0,1,4.2,0,5.8,Completed with Cost Overrun,No material delay,Contractor Replacement,Successful
HIST-00598,Odisha Water Supply Augmentation - Phase 3,Water Resources,Odisha,106.2,122.1,12,71,100.0,100.0,4,1,1,0,0,1,4.5,4,8.1,Delayed,Land acquisition,Land Acquisition Task Force,Successful
HIST-00599,Bihar Transmission Line Augmentation - Phase 1,Power,Bihar,538.6,576.2,29,40,100.0,100.0,9,1,0,0,1,0,5.0,5,6.6,Delayed,Funding release,Additional Funding Approval,Partially Successful
HIST-00600,Madhya Pradesh Sewerage Network Upgrade - Phase 3,Urban Development,Madhya Pradesh,415.8,417.1,30,73,96.0,94.1,7,1,0,0,0,0,1.1,0,1.0,Completed,No material delay,No Major Intervention,Not Applicable
HIST-00601,Andhra Pradesh Urban Renewal Mission - Phase 1,Urban Development,Andhra Pradesh,525.9,528.5,48,9,21.8,15.9,12,0,0,0,0,0,-1.7,2,2.1,Under Review,Other execution delay,No Major Intervention,Not Applicable
HIST-00602,Kerala Thermal Power Plant Modernisation - Phase 3,Power,Kerala,236.2,239.2,44,88,99.3,100.0,12,0,0,0,1,0,0.5,0,1.3,Completed,No material delay,Land Acquisition Task Force,No Significant Improvement
HIST-00603,Rajasthan Water Supply Augmentation - Phase 3,Water Resources,Rajasthan,584.4,625.3,58,38,55.6,65.7,12,1,0,0,1,0,6.0,0,8.0,Under Review,No material delay,Milestone Restructuring,No Significant Improvement
HIST-00604,Jharkhand Airport Terminal Development - Phase 2,Airports,Jharkhand,1194.2,1232.9,21,58,88.2,70.8,4,2,0,0,0,0,4.7,6,1.4,Delayed,Milestone slippage,Inter-Department Coordination,No Significant Improvement
HIST-00605,Uttar Pradesh Affordable Housing Scheme - Phase 3,Urban Development,Uttar Pradesh,572.2,588.0,64,59,87.2,100.0,13,2,0,0,0,0,4.5,0,2.3,Completed,No material delay,No Major Intervention,Not Applicable
HIST-00606,Maharashtra Affordable Housing Scheme - Phase 2,Urban Development,Maharashtra,264.7,304.6,48,32,71.9,58.3,13,2,1,0,0,1,7.1,8,12.5,Under Review,Land acquisition,Land Acquisition Task Force,Partially Successful
HIST-00607,Andhra Pradesh Affordable Housing Scheme - Phase 1,Urban Development,Andhra Pradesh,433.6,471.5,33,27,89.3,100.0,13,0,0,0,1,0,-1.9,1,8.2,Under Review,No material delay,Additional Funding Approval,Partially Successful
HIST-00608,Telangana Metro Rail Extension - Phase 3,Railways,Telangana,505.9,525.8,24,83,100.0,91.3,6,1,0,0,0,0,2.7,0,4.5,Completed,No material delay,No Major Intervention,Not Applicable
HIST-00609,Madhya Pradesh Affordable Housing Scheme - Phase 2,Urban Development,Madhya Pradesh,1186.1,1385.0,53,63,95.1,97.9,18,3,0,1,0,1,7.5,2,14.5,Delayed,Milestone slippage,Contractor Replacement,Partially Successful
HIST-00610,Madhya Pradesh National Highway Widening - Phase 2,Roads,Madhya Pradesh,193.1,195.8,67,13,21.8,31.6,14,0,0,0,0,0,-0.1,0,1.0,Completed,No material delay,No Major Intervention,Not Applicable
HIST-00611,Gujarat Transmission Line Augmentation - Phase 2,Power,Gujarat,335.4,348.6,26,50,100.0,100.0,5,0,0,0,0,0,-1.3,0,3.9,Completed,No material delay,No Major Intervention,Not Applicable
HIST-00612,Odisha Airport Cargo Complex - Phase 2,Airports,Odisha,57.8,59.4,31,48,100.0,100.0,9,0,0,1,0,0,-1.7,2,2.9,Delayed,Pending clearance,No Major Intervention,Not Applicable
HIST-00613,Andhra Pradesh Runway Expansion Project - Phase 2,Airports,Andhra Pradesh,502.9,502.9,31,31,98.5,71.8,7,0,0,0,0,0,-9.6,0,0.8,Completed,No material delay,No Major Intervention,Not Applicable
HIST-00614,Jharkhand River Interlinking Scheme - Phase 3,Water Resources,Jharkhand,1135.1,1165.2,38,61,97.5,100.0,8,0,0,0,0,0,3.7,0,1.8,Completed,No material delay,No Major Intervention,Not Applicable
HIST-00615,Kerala Transmission Line Augmentation - Phase 3,Power,Kerala,396.4,400.7,59,19,30.2,44.4,15,2,0,0,0,0,4.8,4,0.6,Under Review,Milestone slippage,No Major Intervention,Not Applicable
HIST-00616,Telangana Railway Electrification Project - Phase 3,Railways,Telangana,417.8,437.5,48,56,100.0,100.0,11,1,0,1,0,0,1.3,4,5.4,Delayed,Pending clearance,Inter-Department Coordination,Partially Successful
HIST-00617,Haryana Smart City Development - Phase 3,Urban Development,Haryana,342.9,349.6,50,48,100.0,100.0,14,2,0,0,0,0,3.1,0,1.3,Completed,No material delay,No Major Intervention,Not Applicable
HIST-00618,Telangana Freight Corridor Development - Phase 2,Railways,Telangana,299.7,314.0,26,39,89.4,96.0,6,1,0,0,0,1,-0.8,1,4.4,Completed,No material delay,Contractor Replacement,Successful
HIST-00619,Telangana Smart City Development - Phase 2,Urban Development,Telangana,425.7,460.3,62,81,100.0,88.3,17,0,1,0,0,0,-2.8,1,7.2,Completed with Cost Overrun,No material delay,No Major Intervention,Not Applicable
HIST-00620,Maharashtra Dam Rehabilitation Project - Phase 2,Water Resources,Maharashtra,39.2,39.2,54,8,20.1,20.0,16,0,0,0,0,0,-0.1,1,0.0,Under Review,No material delay,No Major Intervention,Not Applicable
HIST-00621,Jharkhand Freight Corridor Development - Phase 3,Railways,Jharkhand,495.3,495.3,15,52,96.0,95.8,5,0,0,0,0,0,-1.5,1,0.0,Completed,No material delay,No Major Intervention,Not Applicable
HIST-00622,Bihar Rail Line Doubling - Phase 1,Railways,Bihar,186.4,219.4,56,86,97.5,83.1,16,2,0,0,1,1,6.7,3,8.3,Delayed,Milestone slippage,Additional Funding Approval,Successful
HIST-00623,Jharkhand Sewerage Network Upgrade - Phase 3,Urban Development,Jharkhand,1086.7,1225.5,35,72,95.1,96.3,8,3,0,1,0,0,8.1,4,8.9,Delayed,Milestone slippage,Milestone Restructuring,Successful
HIST-00624,Haryana Irrigation Canal Modernisation - Phase 1,Water Resources,Haryana,1823.1,1823.1,70,25,37.5,55.8,17,0,1,0,0,0,-4.8,0,0.0,Under Review,No material delay,No Major Intervention,Not Applicable
HIST-00625,West Bengal National Highway Widening - Phase 2,Roads,West Bengal,49.9,52.3,72,44,60.2,65.4,15,1,0,1,0,0,4.1,0,4.7,Completed,No material delay,No Major Intervention,Not Applicable
HIST-00626,West Bengal Smart City Development - Phase 3,Urban Development,West Bengal,334.8,360.2,36,84,100.0,100.0,10,1,0,0,1,0,0.9,3,6.0,Delayed,Funding release,Additional Funding Approval,Partially Successful
HIST-00627,Telangana Affordable Housing Scheme - Phase 2,Urban Development,Telangana,525.2,549.4,62,33,61.5,73.6,15,0,1,0,0,0,1.7,4,2.9,Under Review,Land acquisition,Land Acquisition Task Force,Successful
HIST-00628,Jharkhand Port Connectivity Corridor - Phase 2,Ports,Jharkhand,561.6,639.1,48,18,43.5,66.3,11,1,1,0,0,0,10.2,10,14.7,Under Review,Land acquisition,Land Acquisition Task Force,No Significant Improvement
HIST-00629,Haryana Freight Corridor Development - Phase 1,Railways,Haryana,570.6,595.4,37,8,17.0,20.8,8,1,1,0,0,0,-5.1,5,4.0,Delayed,Land acquisition,Land Acquisition Task Force,No Significant Improvement
HIST-00630,Maharashtra National Highway Widening - Phase 2,Roads,Maharashtra,152.5,156.4,55,86,100.0,89.6,16,0,0,0,0,0,-3.1,3,3.7,Delayed,Other execution delay,No Major Intervention,Not Applicable
HIST-00631,Jharkhand Thermal Power Plant Modernisation - Phase 2,Power,Jharkhand,120.8,126.7,54,63,100.0,100.0,14,1,0,1,0,0,-1.0,0,4.7,Completed,No material delay,No Major Intervention,Not Applicable
HIST-00632,Gujarat Ring Road Development - Phase 2,Roads,Gujarat,376.5,438.6,38,24,75.8,79.0,9,0,1,1,1,0,-3.5,8,15.8,Delayed,Land acquisition,Land Acquisition Task Force,No Significant Improvement
HIST-00633,West Bengal Smart City Development - Phase 3,Urban Development,West Bengal,395.9,426.8,31,9,25.4,40.9,9,1,0,0,1,0,-7.4,2,7.3,Under Review,Funding release,Additional Funding Approval,No Significant Improvement
HIST-00634,Jharkhand Ring Road Development - Phase 1,Roads,Jharkhand,101.1,109.0,30,71,100.0,89.7,6,0,0,0,0,0,1.9,0,7.7,Completed with Cost Overrun,No material delay,No Major Intervention,Not Applicable
HIST-00635,West Bengal Irrigation Canal Modernisation - Phase 3,Water Resources,West Bengal,164.0,169.3,61,36,59.2,66.2,15,0,0,0,0,0,5.8,5,2.9,Under Review,Other execution delay,Land Acquisition Task Force,No Significant Improvement
HIST-00636,Jharkhand Metro Rail Extension - Phase 2,Railways,Jharkhand,327.6,332.9,31,15,53.9,45.2,12,1,0,0,0,0,6.5,1,1.3,Under Review,No material delay,No Major Intervention,Not Applicable
HIST-00637,Odisha Water Supply Augmentation - Phase 2,Water Resources,Odisha,1256.6,1457.8,38,41,88.9,81.4,9,2,1,1,0,0,6.9,0,11.1,Completed with Cost Overrun,No material delay,Inter-Department Coordination,Partially Successful
HIST-00638,Kerala Airport Cargo Complex - Phase 3,Airports,Kerala,237.6,242.5,47,19,32.1,25.5,13,1,0,0,0,0,2.5,0,2.1,Completed,No material delay,Inter-Department Coordination,Partially Successful
HIST-00639,Kerala Ring Road Development - Phase 2,Roads,Kerala,441.6,468.8,34,26,82.4,94.8,9,0,1,0,0,0,2.5,0,4.6,Under Review,No material delay,No Major Intervention,Not Applicable
HIST-00640,West Bengal Container Yard Development - Phase 1,Ports,West Bengal,107.3,123.0,40,32,72.0,81.1,9,2,0,1,0,1,3.9,2,12.7,Under Review,Milestone slippage,Contractor Replacement,Partially Successful
HIST-00641,Telangana Thermal Power Plant Modernisation - Phase 2,Power,Telangana,321.8,321.8,60,68,97.5,91.4,11,0,1,0,0,0,-7.7,2,0.2,Delayed,Land acquisition,No Major Intervention,Not Applicable
HIST-00642,Rajasthan River Interlinking Scheme - Phase 3,Water Resources,Rajasthan,509.5,518.9,27,19,73.3,77.9,7,0,0,0,0,0,-0.3,0,1.9,Completed,No material delay,No Major Intervention,Not Applicable
HIST-00643,Telangana Urban Renewal Mission - Phase 2,Urban Development,Telangana,78.5,82.1,35,53,100.0,100.0,12,0,0,0,1,0,-7.6,0,2.8,Completed,No material delay,Additional Funding Approval,Successful
HIST-00644,Uttar Pradesh Dam Rehabilitation Project - Phase 2,Water Resources,Uttar Pradesh,63.2,75.3,26,73,92.0,86.3,9,0,1,0,1,0,8.0,4,12.4,Delayed,Land acquisition,Land Acquisition Task Force,Successful
HIST-00645,Andhra Pradesh Container Yard Development - Phase 1,Ports,Andhra Pradesh,1844.2,2113.2,38,27,71.5,77.5,9,0,1,1,0,1,5.6,3,11.4,Under Review,Land acquisition,Land Acquisition Task Force,Partially Successful
HIST-00646,Haryana Irrigation Canal Modernisation - Phase 2,Water Resources,Haryana,407.9,463.2,38,41,100.0,95.8,7,1,1,1,0,0,3.0,5,9.3,Under Review,Land acquisition,Land Acquisition Task Force,Partially Successful
HIST-00647,Rajasthan State Highway Upgradation - Phase 3,Roads,Rajasthan,91.0,93.4,12,57,97.6,95.5,4,1,0,0,0,1,2.3,7,1.4,Delayed,Contractor performance,Contractor Replacement,No Significant Improvement
HIST-00648,Madhya Pradesh Transmission Line Augmentation - Phase 3,Power,Madhya Pradesh,229.5,234.8,57,24,48.5,42.4,14,1,0,0,0,0,4.0,0,1.7,Under Review,No material delay,No Major Intervention,Not Applicable
HIST-00649,Bihar Water Supply Augmentation - Phase 1,Water Resources,Bihar,429.7,509.6,27,49,93.5,91.0,6,5,1,0,1,0,6.9,17,17.5,Delayed,Land acquisition,Land Acquisition Task Force,No Significant Improvement
HIST-00650,Karnataka Urban Renewal Mission - Phase 1,Urban Development,Karnataka,172.1,184.9,43,68,98.1,94.7,12,1,1,0,0,0,4.1,3,4.3,Delayed,Land acquisition,Land Acquisition Task Force,Successful
HIST-00651,Tamil Nadu Ring Road Development - Phase 3,Roads,Tamil Nadu,161.3,172.9,61,77,100.0,98.1,16,0,1,0,0,0,8.5,0,6.6,Completed with Cost Overrun,No material delay,No Major Intervention,Not Applicable
HIST-00652,Madhya Pradesh Ring Road Development - Phase 1,Roads,Madhya Pradesh,82.5,85.9,51,74,89.9,79.1,12,1,0,0,0,0,-1.1,1,4.3,Completed,No material delay,No Major Intervention,Not Applicable
HIST-00653,Telangana Transmission Line Augmentation - Phase 1,Power,Telangana,218.4,234.3,69,18,28.1,17.6,17,0,0,0,1,1,-5.3,0,6.0,Under Review,No material delay,Additional Funding Approval,No Significant Improvement
HIST-00654,Karnataka Freight Corridor Development - Phase 2,Railways,Karnataka,176.6,192.8,45,38,86.4,80.4,13,1,0,0,0,1,6.1,0,7.1,Under Review,No material delay,Contractor Replacement,Partially Successful
HIST-00655,Madhya Pradesh River Interlinking Scheme - Phase 2,Water Resources,Madhya Pradesh,361.4,432.2,63,65,100.0,90.5,21,2,1,0,1,1,2.2,1,11.4,Completed with Cost Overrun,No material delay,Land Acquisition Task Force,Successful
HIST-00656,Tamil Nadu Freight Corridor Development - Phase 1,Railways,Tamil Nadu,70.3,83.5,33,71,100.0,97.8,5,1,1,1,1,1,1.6,7,13.9,Delayed,Land acquisition,Additional Funding Approval,Partially Successful
HIST-00657,West Bengal Port Terminal Expansion - Phase 2,Ports,West Bengal,1131.7,1171.2,46,70,100.0,99.2,9,0,1,0,0,0,-1.6,0,3.9,Completed,No material delay,No Major Intervention,Not Applicable
HIST-00658,Andhra Pradesh Container Yard Development - Phase 1,Ports,Andhra Pradesh,206.9,215.0,62,44,53.5,58.2,18,0,1,0,0,0,5.2,5,2.6,Delayed,Land acquisition,Land Acquisition Task Force,Partially Successful
HIST-00659,Rajasthan Runway Expansion Project - Phase 2,Airports,Rajasthan,828.2,878.3,28,41,100.0,95.9,6,0,0,0,0,0,1.4,1,7.2,Completed with Cost Overrun,No material delay,No Major Intervention,Not Applicable
HIST-00660,Tamil Nadu Rail Line Doubling - Phase 3,Railways,Tamil Nadu,269.1,285.8,61,12,21.0,19.0,16,0,1,0,0,0,-4.0,0,6.7,Under Review,No material delay,No Major Intervention,Not Applicable
HIST-00661,Jharkhand National Highway Widening - Phase 2,Roads,Jharkhand,299.4,331.2,45,50,90.1,97.2,7,2,0,0,1,1,5.1,0,6.5,Completed with Cost Overrun,No material delay,Additional Funding Approval,Successful
HIST-00662,Uttar Pradesh Urban Renewal Mission - Phase 1,Urban Development,Uttar Pradesh,342.7,404.8,66,88,100.0,92.8,15,3,1,0,0,1,11.3,14,13.7,Delayed,Land acquisition,Land Acquisition Task Force,No Significant Improvement
HIST-00663,Telangana Solar Power Park - Phase 1,Power,Telangana,259.7,270.7,12,10,70.6,54.5,4,2,0,1,0,0,3.7,0,3.4,Under Review,No material delay,No Major Intervention,Not Applicable
HIST-00664,Telangana Freight Corridor Development - Phase 2,Railways,Telangana,114.7,119.7,55,50,88.5,90.5,17,0,0,1,0,0,-6.0,1,4.4,Completed,No material delay,No Major Intervention,Not Applicable
HIST-00665,Rajasthan State Highway Upgradation - Phase 3,Roads,Rajasthan,70.7,76.5,31,41,93.3,100.0,6,1,0,0,0,0,1.2,3,8.1,Delayed,Other execution delay,No Major Intervention,Not Applicable
HIST-00666,Maharashtra Port Terminal Expansion - Phase 2,Ports,Maharashtra,482.7,499.7,32,87,96.6,98.6,6,1,0,0,0,0,10.1,0,2.6,Completed,No material delay,No Major Intervention,Not Applicable
HIST-00667,Andhra Pradesh Runway Expansion Project - Phase 2,Airports,Andhra Pradesh,125.7,127.8,12,20,100.0,100.0,4,1,0,0,0,0,3.9,4,1.9,Delayed,Other execution delay,No Major Intervention,Not Applicable
HIST-00668,Maharashtra Metro Rail Extension - Phase 1,Railways,Maharashtra,154.8,163.4,38,12,37.5,37.0,9,0,1,0,0,0,-1.6,0,4.0,Under Review,No material delay,No Major Intervention,Not Applicable
HIST-00669,Tamil Nadu Smart City Development - Phase 3,Urban Development,Tamil Nadu,195.6,214.4,59,67,89.2,99.6,15,3,0,1,0,0,13.5,8,9.2,Delayed,Milestone slippage,Milestone Restructuring,No Significant Improvement
HIST-00670,Andhra Pradesh Container Yard Development - Phase 2,Ports,Andhra Pradesh,384.1,388.9,61,41,69.1,64.9,14,0,1,0,0,0,2.5,1,1.1,Under Review,No material delay,No Major Intervention,Not Applicable
HIST-00671,Karnataka Affordable Housing Scheme - Phase 2,Urban Development,Karnataka,177.3,192.9,12,10,81.7,84.4,5,2,0,0,0,0,3.4,5,7.4,Under Review,Milestone slippage,No Major Intervention,Not Applicable
HIST-00672,West Bengal Thermal Power Plant Modernisation - Phase 2,Power,West Bengal,326.3,326.8,41,23,56.4,63.1,14,0,0,0,0,0,2.5,0,0.0,Under Review,No material delay,No Major Intervention,Not Applicable
HIST-00673,Uttar Pradesh Freight Corridor Development - Phase 2,Railways,Uttar Pradesh,169.4,174.7,72,47,67.6,65.2,18,1,0,1,0,0,0.6,0,5.3,Under Review,No material delay,No Major Intervention,Not Applicable
HIST-00674,Kerala Smart City Development - Phase 2,Urban Development,Kerala,63.0,64.8,45,61,100.0,86.4,10,1,0,0,0,0,9.5,0,0.0,Completed,No material delay,No Major Intervention,Not Applicable
HIST-00675,Maharashtra Urban Renewal Mission - Phase 3,Urban Development,Maharashtra,453.3,537.4,47,83,87.4,77.5,11,6,0,0,0,0,19.8,13,16.8,Delayed,Milestone slippage,Milestone Restructuring,No Significant Improvement
HIST-00676,Kerala Smart City Development - Phase 2,Urban Development,Kerala,268.7,281.1,55,64,100.0,93.9,13,1,1,0,0,0,-3.4,0,3.2,Completed,No material delay,No Major Intervention,Not Applicable
HIST-00677,Madhya Pradesh Expressway Corridor - Phase 2,Roads,Madhya Pradesh,186.1,215.3,12,31,96.0,100.0,5,2,1,1,0,0,9.7,7,13.8,Delayed,Land acquisition,Land Acquisition Task Force,Partially Successful
HIST-00678,Uttar Pradesh Freight Corridor Development - Phase 1,Railways,Uttar Pradesh,85.3,90.6,21,64,86.6,75.7,6,2,0,0,0,0,7.6,1,5.7,Completed with Cost Overrun,No material delay,No Major Intervention,Not Applicable
HIST-00679,Andhra Pradesh State Highway Upgradation - Phase 3,Roads,Andhra Pradesh,271.2,279.4,22,6,46.1,48.9,4,0,0,0,0,0,-2.3,1,2.7,Completed,No material delay,No Major Intervention,Not Applicable
HIST-00680,Gujarat State Highway Upgradation - Phase 2,Roads,Gujarat,91.7,105.6,24,27,94.2,93.7,7,3,1,0,0,0,10.6,12,15.4,Delayed,Land acquisition,Land Acquisition Task Force,No Significant Improvement
HIST-00681,Tamil Nadu Port Connectivity Corridor - Phase 1,Ports,Tamil Nadu,364.0,376.4,51,23,39.6,30.0,11,1,0,0,0,0,9.4,5,3.1,Under Review,Other execution delay,No Major Intervention,Not Applicable
HIST-00682,Haryana Transmission Line Augmentation - Phase 3,Power,Haryana,179.1,179.1,55,23,34.6,54.2,15,1,0,0,0,0,-0.1,0,0.0,Under Review,No material delay,No Major Intervention,Not Applicable
HIST-00683,Bihar Water Supply Augmentation - Phase 2,Water Resources,Bihar,452.9,463.9,41,60,90.9,92.4,10,1,0,0,0,0,-0.6,0,2.3,Completed,No material delay,No Major Intervention,Not Applicable
HIST-00684,Bihar Freight Corridor Development - Phase 1,Railways,Bihar,205.0,205.0,66,6,17.5,21.8,17,0,1,0,0,0,-2.4,1,1.3,Under Review,No material delay,No Major Intervention,Not Applicable
HIST-00685,Madhya Pradesh State Highway Upgradation - Phase 1,Roads,Madhya Pradesh,289.1,306.2,55,17,39.0,33.5,15,0,1,1,0,0,2.8,0,6.3,Under Review,No material delay,Inter-Department Coordination,Partially Successful
HIST-00686,Bihar Container Yard Development - Phase 3,Ports,Bihar,107.3,118.0,47,60,94.9,96.4,9,1,0,0,1,0,7.0,1,4.8,Completed,No material delay,Additional Funding Approval,Successful
HIST-00687,Uttar Pradesh Ring Road Development - Phase 1,Roads,Uttar Pradesh,1046.5,1079.4,79,30,31.1,51.0,17,1,0,0,0,1,-1.9,0,4.0,Under Review,No material delay,Milestone Restructuring,No Significant Improvement
HIST-00688,Madhya Pradesh Airport Terminal Development - Phase 3,Airports,Madhya Pradesh,659.8,716.7,48,43,89.2,77.3,11,1,1,0,0,0,-3.2,5,6.2,Under Review,Land acquisition,Land Acquisition Task Force,Partially Successful
HIST-00689,Andhra Pradesh Expressway Corridor - Phase 1,Roads,Andhra Pradesh,113.9,115.9,64,88,76.4,73.2,18,0,1,0,0,0,-5.4,1,0.8,Completed,No material delay,No Major Intervention,Not Applicable
HIST-00690,Gujarat Rail Line Doubling - Phase 1,Railways,Gujarat,292.7,292.7,31,39,97.0,91.3,7,1,0,0,0,0,-5.0,0,0.4,Under Review,No material delay,No Major Intervention,Not Applicable
HIST-00691,Jharkhand Freight Corridor Development - Phase 1,Railways,Jharkhand,145.6,159.1,14,51,83.9,97.7,5,2,0,0,1,0,1.7,6,8.8,Delayed,Milestone slippage,Additional Funding Approval,No Significant Improvement
HIST-00692,Odisha Runway Expansion Project - Phase 3,Airports,Odisha,62.1,63.1,56,57,100.0,99.1,14,1,0,0,0,0,-1.1,0,1.0,Completed,No material delay,No Major Intervention,Not Applicable
HIST-00693,Gujarat Irrigation Canal Modernisation - Phase 3,Water Resources,Gujarat,725.0,818.8,50,79,100.0,100.0,12,1,1,0,1,0,-2.7,8,9.7,Delayed,Land acquisition,Land Acquisition Task Force,No Significant Improvement
HIST-00694,Jharkhand Ring Road Development - Phase 2,Roads,Jharkhand,137.2,157.1,35,57,100.0,100.0,7,3,1,1,0,0,8.7,0,6.3,Completed with Cost Overrun,No material delay,Milestone Restructuring,Successful
HIST-00695,Tamil Nadu Airport Terminal Development - Phase 3,Airports,Tamil Nadu,173.5,178.6,40,27,66.3,74.6,6,0,0,0,0,0,-5.8,0,3.3,Completed,No material delay,No Major Intervention,Not Applicable
HIST-00696,Odisha River Interlinking Scheme - Phase 3,Water Resources,Odisha,488.0,563.1,19,29,95.0,82.7,5,4,1,1,0,0,7.2,5,7.3,Delayed,Land acquisition,Land Acquisition Task Force,Successful
HIST-00697,Gujarat Container Yard Development - Phase 3,Ports,Gujarat,1352.0,1411.7,48,85,100.0,81.2,12,1,0,1,0,0,4.6,1,3.4,Completed,No material delay,No Major Intervention,Not Applicable
HIST-00698,Bihar Affordable Housing Scheme - Phase 2,Urban Development,Bihar,88.6,101.6,48,76,95.6,85.0,10,0,1,0,1,0,9.1,2,7.5,Delayed,Land acquisition,Land Acquisition Task Force,Successful
HIST-00699,Gujarat Transmission Line Augmentation - Phase 1,Power,Gujarat,159.5,160.2,35,84,100.0,98.9,8,0,1,0,0,0,4.4,8,0.0,Delayed,Land acquisition,Land Acquisition Task Force,Partially Successful
HIST-00700,Karnataka Expressway Corridor - Phase 1,Roads,Karnataka,34.5,35.2,60,47,62.7,63.3,13,0,0,0,0,0,-3.6,0,0.2,Under Review,No material delay,No Major Intervention,Not Applicable
HIST-00701,Jharkhand River Interlinking Scheme - Phase 1,Water Resources,Jharkhand,93.2,96.8,52,48,99.9,100.0,11,0,0,0,0,0,3.1,0,2.2,Completed,No material delay,No Major Intervention,Not Applicable
HIST-00702,West Bengal River Interlinking Scheme - Phase 3,Water Resources,West Bengal,213.2,213.2,59,72,100.0,96.8,15,1,0,0,0,0,4.2,0,0.0,Completed,No material delay,No Major Intervention,Not Applicable
HIST-00703,West Bengal Solar Power Park - Phase 3,Power,West Bengal,321.4,340.4,12,79,98.1,98.1,4,1,0,1,0,0,-5.8,1,6.1,Completed with Cost Overrun,No material delay,No Major Intervention,Not Applicable
HIST-00704,Odisha Irrigation Canal Modernisation - Phase 3,Water Resources,Odisha,195.8,221.2,36,81,100.0,100.0,11,1,0,1,0,0,8.7,0,11.3,Completed with Cost Overrun,No material delay,No Major Intervention,Not Applicable
HIST-00705,Andhra Pradesh Substation Capacity Expansion - Phase 1,Power,Andhra Pradesh,132.6,135.0,33,16,55.0,58.9,12,1,0,0,0,0,-5.4,1,2.7,Under Review,No material delay,No Major Intervention,Not Applicable
HIST-00706,Odisha Smart City Development - Phase 3,Urban Development,Odisha,346.2,350.2,29,77,96.5,100.0,8,1,0,0,0,0,-0.2,0,1.2,Completed,No material delay,No Major Intervention,Not Applicable
HIST-00707,Haryana Expressway Corridor - Phase 3,Roads,Haryana,370.8,394.5,51,89,100.0,93.5,12,1,0,1,0,0,7.2,5,2.3,Delayed,Pending clearance,Inter-Department Coordination,Successful
HIST-00708,Maharashtra National Highway Widening - Phase 3,Roads,Maharashtra,198.6,213.0,24,80,100.0,100.0,7,1,0,1,1,0,2.2,9,7.7,Delayed,Funding release,Additional Funding Approval,No Significant Improvement
HIST-00709,Kerala Urban Renewal Mission - Phase 1,Urban Development,Kerala,225.2,231.7,44,62,98.8,100.0,10,1,1,0,0,0,-1.4,3,1.9,Under Review,Land acquisition,Land Acquisition Task Force,Successful
HIST-00710,Kerala Ring Road Development - Phase 3,Roads,Kerala,271.4,281.0,46,46,100.0,97.7,12,0,0,0,0,0,-3.9,1,3.5,Completed,No material delay,No Major Intervention,Not Applicable
HIST-00711,Odisha National Highway Widening - Phase 2,Roads,Odisha,90.3,95.9,49,73,100.0,100.0,11,1,1,0,0,1,0.4,3,2.3,Delayed,Land acquisition,Land Acquisition Task Force,Successful
HIST-00712,Rajasthan Freight Corridor Development - Phase 2,Railways,Rajasthan,141.4,145.1,39,28,67.9,69.0,10,1,1,0,0,0,-1.8,4,2.5,Under Review,Land acquisition,Land Acquisition Task Force,Successful
HIST-00713,Maharashtra Substation Capacity Expansion - Phase 1,Power,Maharashtra,301.6,320.5,57,32,60.6,48.1,14,0,1,1,0,0,-3.2,4,3.6,Delayed,Land acquisition,Land Acquisition Task Force,Successful
HIST-00714,West Bengal Railway Electrification Project - Phase 2,Railways,West Bengal,652.2,707.1,33,80,100.0,96.8,13,1,1,1,0,0,7.9,1,3.5,Completed,No material delay,Inter-Department Coordination,Successful
HIST-00715,West Bengal Sewerage Network Upgrade - Phase 1,Urban Development,West Bengal,7683.2,7683.2,30,13,52.3,48.9,6,2,0,0,0,0,2.3,0,0.0,Under Review,No material delay,No Major Intervention,Not Applicable
HIST-00716,Madhya Pradesh River Interlinking Scheme - Phase 3,Water Resources,Madhya Pradesh,298.9,324.2,36,43,87.5,85.9,10,3,1,0,0,0,8.4,11,6.5,Delayed,Land acquisition,Land Acquisition Task Force,Partially Successful
HIST-00717,Tamil Nadu State Highway Upgradation - Phase 1,Roads,Tamil Nadu,1967.0,1986.0,41,87,87.9,79.1,11,0,0,0,0,0,4.0,0,1.6,Completed,No material delay,Land Acquisition Task Force,Partially Successful
HIST-00718,Gujarat Rail Line Doubling - Phase 1,Railways,Gujarat,210.5,227.8,29,79,100.0,100.0,7,1,1,0,0,0,2.7,8,7.3,Delayed,Land acquisition,Land Acquisition Task Force,Partially Successful
HIST-00719,Madhya Pradesh Solar Power Park - Phase 1,Power,Madhya Pradesh,613.1,642.2,59,14,18.5,26.2,14,1,0,0,0,0,3.7,0,3.7,Completed,No material delay,No Major Intervention,Not Applicable
HIST-00720,Kerala Metro Rail Extension - Phase 3,Railways,Kerala,479.2,516.8,53,68,100.0,83.6,17,1,0,0,1,0,-4.7,1,5.8,Completed with Cost Overrun,No material delay,Additional Funding Approval,Successful
HIST-00721,Karnataka State Highway Upgradation - Phase 3,Roads,Karnataka,238.0,258.6,33,40,100.0,100.0,9,1,0,0,0,1,6.5,2,5.4,Under Review,Contractor performance,Contractor Replacement,Partially Successful
HIST-00722,Gujarat Thermal Power Plant Modernisation - Phase 3,Power,Gujarat,122.1,137.3,50,17,40.8,51.5,15,2,1,0,0,1,-0.6,7,10.2,Under Review,Land acquisition,Land Acquisition Task Force,Partially Successful
HIST-00723,Karnataka Runway Expansion Project - Phase 1,Airports,Karnataka,89.7,90.7,56,42,81.2,70.1,10,2,1,0,0,0,-2.3,0,2.5,Under Review,No material delay,No Major Intervention,Not Applicable
HIST-00724,Madhya Pradesh Rail Line Doubling - Phase 2,Railways,Madhya Pradesh,221.2,226.2,49,42,84.1,80.1,14,0,0,1,0,0,0.7,0,0.6,Completed,No material delay,Additional Funding Approval,Successful
HIST-00725,Andhra Pradesh Urban Renewal Mission - Phase 2,Urban Development,Andhra Pradesh,171.2,179.5,79,70,100.0,95.4,20,0,0,0,0,1,1.3,1,2.0,Completed,No material delay,Contractor Replacement,Partially Successful
HIST-00726,Tamil Nadu Dam Rehabilitation Project - Phase 1,Water Resources,Tamil Nadu,157.5,179.6,27,80,90.9,100.0,5,1,1,0,0,0,7.3,5,12.3,Delayed,Land acquisition,Land Acquisition Task Force,Partially Successful
HIST-00727,Karnataka Solar Power Park - Phase 3,Power,Karnataka,103.3,103.3,42,42,96.3,100.0,13,2,0,0,0,0,-2.9,0,0.0,Completed,No material delay,No Major Intervention,Not Applicable
HIST-00728,Bihar National Highway Widening - Phase 2,Roads,Bihar,412.8,428.2,41,70,83.1,96.1,8,0,0,0,0,0,-4.6,0,1.8,Completed,No material delay,No Major Intervention,Not Applicable
HIST-00729,Haryana Urban Renewal Mission - Phase 1,Urban Development,Haryana,744.1,773.9,60,6,1.0,15.0,16,0,0,1,0,0,1.4,0,4.5,Under Review,No material delay,No Major Intervention,Not Applicable
HIST-00730,Tamil Nadu Transmission Line Augmentation - Phase 2,Power,Tamil Nadu,186.0,189.7,51,14,29.7,24.1,16,0,0,0,0,0,-1.6,0,1.9,Under Review,No material delay,No Major Intervention,Not Applicable
HIST-00731,Tamil Nadu Freight Corridor Development - Phase 3,Railways,Tamil Nadu,144.2,169.2,84,74,80.0,75.9,21,1,1,0,0,1,7.8,7,14.5,Delayed,Land acquisition,Land Acquisition Task Force,Partially Successful
HIST-00732,Haryana Airport Terminal Development - Phase 1,Airports,Haryana,65.9,68.2,34,49,100.0,100.0,7,1,0,0,0,0,4.8,0,1.7,Completed,No material delay,No Major Intervention,Not Applicable
HIST-00733,Bihar Expressway Corridor - Phase 3,Roads,Bihar,470.7,470.7,34,42,96.8,98.3,9,0,0,0,0,0,6.5,1,0.0,Completed,No material delay,No Major Intervention,Not Applicable
HIST-00734,Tamil Nadu Airport Cargo Complex - Phase 3,Airports,Tamil Nadu,163.4,175.5,32,20,69.0,77.1,8,1,1,0,0,0,0.7,0,6.9,Under Review,No material delay,No Major Intervention,Not Applicable
HIST-00735,Andhra Pradesh Expressway Corridor - Phase 1,Roads,Andhra Pradesh,1002.4,1032.9,35,86,100.0,93.2,7,0,0,1,0,0,4.2,0,1.6,Completed,No material delay,No Major Intervention,Not Applicable
HIST-00736,Gujarat Airport Terminal Development - Phase 1,Airports,Gujarat,534.7,547.1,50,21,32.5,22.2,11,0,1,0,0,0,4.9,7,1.7,Under Review,Land acquisition,Land Acquisition Task Force,Partially Successful
HIST-00737,Bihar State Highway Upgradation - Phase 3,Roads,Bihar,500.2,515.8,42,10,25.5,31.7,12,1,1,0,0,0,-7.9,2,1.4,Under Review,Land acquisition,Land Acquisition Task Force,Successful
HIST-00738,Tamil Nadu Container Yard Development - Phase 2,Ports,Tamil Nadu,255.4,258.1,53,34,73.3,53.3,13,1,0,0,0,0,-10.6,1,2.3,Completed,No material delay,No Major Intervention,Not Applicable
HIST-00739,Rajasthan Port Terminal Expansion - Phase 1,Ports,Rajasthan,135.0,140.2,39,36,91.1,94.0,9,0,0,0,1,0,3.3,1,2.3,Completed,No material delay,Additional Funding Approval,Successful
HIST-00740,Kerala Transmission Line Augmentation - Phase 1,Power,Kerala,396.1,407.4,21,87,100.0,92.8,8,1,0,0,0,0,5.9,0,1.6,Completed,No material delay,No Major Intervention,Not Applicable
HIST-00741,Rajasthan Port Connectivity Corridor - Phase 1,Ports,Rajasthan,216.1,234.5,48,58,100.0,100.0,14,2,0,1,0,0,5.9,10,8.2,Delayed,Milestone slippage,Inter-Department Coordination,No Significant Improvement
HIST-00742,Jharkhand Thermal Power Plant Modernisation - Phase 1,Power,Jharkhand,770.9,850.1,61,12,15.4,3.7,13,2,0,0,0,1,0.3,3,5.0,Under Review,Milestone slippage,Contractor Replacement,Successful
HIST-00743,Kerala Airport Terminal Development - Phase 3,Airports,Kerala,110.8,111.6,38,88,100.0,88.7,10,0,0,0,0,1,3.0,2,1.1,Delayed,Contractor performance,Contractor Replacement,Partially Successful
HIST-00744,Kerala State Highway Upgradation - Phase 1,Roads,Kerala,286.4,311.0,34,30,99.9,100.0,9,1,0,0,1,0,4.2,0,4.1,Under Review,No material delay,Additional Funding Approval,Successful
HIST-00745,Gujarat Container Yard Development - Phase 1,Ports,Gujarat,161.8,181.3,32,32,100.0,98.0,10,0,1,0,0,1,7.3,0,11.3,Completed with Cost Overrun,No material delay,Contractor Replacement,No Significant Improvement
HIST-00746,Haryana Transmission Line Augmentation - Phase 2,Power,Haryana,189.1,189.1,58,9,10.9,0.0,11,0,0,0,0,0,1.6,0,0.3,Under Review,No material delay,No Major Intervention,Not Applicable
HIST-00747,Andhra Pradesh Smart City Development - Phase 1,Urban Development,Andhra Pradesh,1402.8,1582.6,40,76,100.0,100.0,12,0,1,1,0,0,4.7,0,12.2,Completed with Cost Overrun,No material delay,Inter-Department Coordination,Partially Successful
HIST-00748,Jharkhand Railway Electrification Project - Phase 1,Railways,Jharkhand,225.2,250.0,44,86,100.0,95.2,11,1,1,1,0,0,4.6,10,7.8,Delayed,Land acquisition,Land Acquisition Task Force,Partially Successful
HIST-00749,Kerala Sewerage Network Upgrade - Phase 1,Urban Development,Kerala,236.6,245.7,44,9,20.7,34.0,11,0,0,0,0,0,0.7,0,3.8,Completed,No material delay,No Major Intervention,Not Applicable
HIST-00750,Gujarat Solar Power Park - Phase 2,Power,Gujarat,525.6,547.7,38,13,34.1,35.8,7,0,0,0,0,1,-1.3,0,2.3,Completed,No material delay,Contractor Replacement,Successful
HIST-00751,West Bengal Container Yard Development - Phase 1,Ports,West Bengal,250.6,251.8,42,30,69.5,75.2,6,3,0,0,0,0,0.1,0,0.0,Completed,No material delay,Milestone Restructuring,No Significant Improvement
HIST-00752,Uttar Pradesh Affordable Housing Scheme - Phase 1,Urban Development,Uttar Pradesh,422.8,424.6,42,53,99.8,99.3,14,0,0,0,0,0,-5.6,1,1.6,Completed,No material delay,No Major Intervention,Not Applicable
HIST-00753,Uttar Pradesh Rail Line Doubling - Phase 1,Railways,Uttar Pradesh,197.0,208.8,40,84,100.0,100.0,9,0,1,0,0,1,8.8,0,6.7,Under Review,No material delay,Contractor Replacement,No Significant Improvement
HIST-00754,Maharashtra Sewerage Network Upgrade - Phase 2,Urban Development,Maharashtra,533.2,533.2,28,28,100.0,100.0,7,1,0,0,0,0,0.3,4,0.0,Delayed,Other execution delay,No Major Intervention,Not Applicable
HIST-00755,Haryana Runway Expansion Project - Phase 1,Airports,Haryana,67.9,70.6,37,87,94.8,83.5,12,0,0,0,0,0,-0.3,0,4.6,Completed,No material delay,No Major Intervention,Not Applicable
HIST-00756,Karnataka Smart City Development - Phase 2,Urban Development,Karnataka,202.4,207.2,32,84,100.0,88.3,9,0,0,0,0,0,-1.4,1,2.9,Completed,No material delay,No Major Intervention,Not Applicable
HIST-00757,Karnataka Sewerage Network Upgrade - Phase 3,Urban Development,Karnataka,357.6,370.1,22,72,100.0,100.0,10,1,0,0,0,0,2.9,1,2.7,Completed,No material delay,No Major Intervention,Not Applicable
HIST-00758,Kerala Irrigation Canal Modernisation - Phase 1,Water Resources,Kerala,172.4,183.5,34,72,100.0,90.0,8,2,0,1,0,0,8.8,0,7.3,Completed with Cost Overrun,No material delay,No Major Intervention,Not Applicable
HIST-00759,Tamil Nadu Ring Road Development - Phase 3,Roads,Tamil Nadu,1024.8,1222.4,12,68,99.3,100.0,4,0,1,0,1,0,3.5,2,11.1,Delayed,Land acquisition,Land Acquisition Task Force,Successful
HIST-00760,Andhra Pradesh Sewerage Network Upgrade - Phase 1,Urban Development,Andhra Pradesh,97.1,97.1,81,21,31.3,35.5,20,0,0,0,0,0,-3.4,3,0.0,Under Review,Other execution delay,No Major Intervention,Not Applicable
HIST-00761,Madhya Pradesh Substation Capacity Expansion - Phase 1,Power,Madhya Pradesh,131.4,133.3,29,60,97.3,79.7,9,0,0,0,0,0,-5.3,0,1.3,Completed,No material delay,No Major Intervention,Not Applicable
HIST-00762,Uttar Pradesh Port Connectivity Corridor - Phase 2,Ports,Uttar Pradesh,652.7,779.5,31,35,100.0,79.9,11,1,1,0,1,0,3.5,5,12.6,Delayed,Land acquisition,Land Acquisition Task Force,Successful
HIST-00763,Bihar Solar Power Park - Phase 1,Power,Bihar,146.0,147.9,29,16,62.9,56.4,9,2,0,0,0,0,-3.9,0,2.3,Completed,No material delay,Milestone Restructuring,Successful
HIST-00764,Gujarat National Highway Widening - Phase 1,Roads,Gujarat,46.2,50.5,55,77,82.6,83.6,12,3,0,1,0,0,1.6,0,5.9,Completed with Cost Overrun,No material delay,Milestone Restructuring,Successful
HIST-00765,Rajasthan Smart City Development - Phase 1,Urban Development,Rajasthan,192.2,196.3,20,17,86.8,100.0,5,1,1,0,0,0,-3.9,0,2.1,Under Review,No material delay,No Major Intervention,Not Applicable
HIST-00766,Andhra Pradesh Runway Expansion Project - Phase 2,Airports,Andhra Pradesh,224.1,230.4,30,26,93.1,86.0,6,0,0,0,0,0,-3.0,0,2.2,Completed,No material delay,No Major Intervention,Not Applicable
HIST-00767,Jharkhand Metro Rail Extension - Phase 2,Railways,Jharkhand,112.3,112.3,23,55,98.3,100.0,7,1,0,0,0,0,1.9,0,0.0,Completed,No material delay,No Major Intervention,Not Applicable
HIST-00768,West Bengal Expressway Corridor - Phase 2,Roads,West Bengal,99.5,101.1,57,86,100.0,100.0,12,0,0,0,0,0,3.1,0,2.5,Completed,No material delay,No Major Intervention,Not Applicable
HIST-00769,Karnataka River Interlinking Scheme - Phase 3,Water Resources,Karnataka,211.4,234.2,48,33,62.8,59.0,13,2,0,1,0,1,7.7,7,11.1,Delayed,Milestone slippage,Contractor Replacement,No Significant Improvement
HIST-00770,Andhra Pradesh Substation Capacity Expansion - Phase 2,Power,Andhra Pradesh,455.6,501.0,23,40,98.3,100.0,6,0,1,0,0,1,-5.5,1,2.8,Completed,No material delay,Land Acquisition Task Force,Successful
HIST-00771,Gujarat Rail Line Doubling - Phase 1,Railways,Gujarat,309.8,369.9,40,85,100.0,69.1,11,1,1,0,1,0,5.7,7,15.4,Delayed,Land acquisition,Land Acquisition Task Force,Partially Successful
HIST-00772,Odisha Airport Cargo Complex - Phase 3,Airports,Odisha,848.1,915.1,26,41,88.1,93.5,4,2,0,0,0,1,10.8,0,6.3,Completed with Cost Overrun,No material delay,Contractor Replacement,No Significant Improvement
HIST-00773,Rajasthan Railway Electrification Project - Phase 2,Railways,Rajasthan,400.9,421.3,54,73,100.0,85.1,14,0,1,0,0,0,-2.6,0,3.4,Completed,No material delay,No Major Intervention,Not Applicable
HIST-00774,Kerala Dam Rehabilitation Project - Phase 1,Water Resources,Kerala,389.1,400.6,32,74,100.0,100.0,4,0,0,0,0,0,1.9,4,2.0,Delayed,Other execution delay,No Major Intervention,Not Applicable
HIST-00775,Tamil Nadu Irrigation Canal Modernisation - Phase 2,Water Resources,Tamil Nadu,237.3,240.7,43,87,87.4,97.5,13,2,0,0,0,0,2.7,1,1.5,Completed,No material delay,No Major Intervention,Not Applicable
HIST-00776,Madhya Pradesh Freight Corridor Development - Phase 2,Railways,Madhya Pradesh,139.0,163.6,41,15,36.4,31.4,11,4,0,0,0,1,12.3,7,17.5,Under Review,Milestone slippage,Contractor Replacement,No Significant Improvement
HIST-00777,Jharkhand Ring Road Development - Phase 3,Roads,Jharkhand,152.2,159.3,30,9,25.3,21.1,7,1,0,0,0,0,-1.1,3,4.2,Under Review,Other execution delay,No Major Intervention,Not Applicable
HIST-00778,Bihar Rail Line Doubling - Phase 1,Railways,Bihar,142.6,142.6,42,78,100.0,98.1,12,0,0,0,0,0,-1.8,0,0.0,Completed,No material delay,No Major Intervention,Not Applicable
HIST-00779,Madhya Pradesh Irrigation Canal Modernisation - Phase 3,Water Resources,Madhya Pradesh,983.4,1033.3,84,88,100.0,100.0,23,0,1,0,0,0,2.7,6,5.2,Delayed,Land acquisition,Land Acquisition Task Force,No Significant Improvement
HIST-00780,Karnataka Sewerage Network Upgrade - Phase 3,Urban Development,Karnataka,53.4,57.0,21,15,79.7,90.3,7,2,0,0,0,1,1.9,0,5.8,Completed with Cost Overrun,No material delay,Contractor Replacement,Partially Successful
HIST-00781,Karnataka Metro Rail Extension - Phase 2,Railways,Karnataka,379.0,390.7,54,45,77.2,77.9,12,1,1,0,0,0,5.2,6,1.6,Under Review,Land acquisition,Land Acquisition Task Force,No Significant Improvement
HIST-00782,Gujarat Airport Cargo Complex - Phase 1,Airports,Gujarat,343.5,350.2,28,29,100.0,100.0,5,0,0,0,0,0,-8.2,0,1.8,Under Review,No material delay,No Major Intervention,Not Applicable
HIST-00783,Telangana Freight Corridor Development - Phase 3,Railways,Telangana,753.3,850.9,30,86,100.0,91.1,8,1,1,1,0,0,3.9,1,11.2,Completed with Cost Overrun,No material delay,Inter-Department Coordination,Partially Successful
HIST-00784,Madhya Pradesh Metro Rail Extension - Phase 1,Railways,Madhya Pradesh,496.8,505.6,51,24,27.6,28.5,14,1,0,0,0,0,5.4,7,2.4,Delayed,Other execution delay,No Major Intervention,Not Applicable
HIST-00785,Andhra Pradesh Smart City Development - Phase 2,Urban Development,Andhra Pradesh,154.3,169.0,85,78,83.5,82.1,19,3,0,0,0,1,10.5,0,4.6,Completed,No material delay,Contractor Replacement,Successful
HIST-00786,Maharashtra River Interlinking Scheme - Phase 2,Water Resources,Maharashtra,81.0,88.5,44,80,100.0,96.9,11,0,1,1,0,0,1.8,0,6.5,Completed with Cost Overrun,No material delay,Inter-Department Coordination,Successful
HIST-00787,Haryana Ring Road Development - Phase 3,Roads,Haryana,106.8,113.2,50,60,89.8,90.5,14,0,1,0,0,0,4.5,4,3.6,Delayed,Land acquisition,Land Acquisition Task Force,Partially Successful
HIST-00788,Gujarat Rail Line Doubling - Phase 2,Railways,Gujarat,715.5,770.8,24,18,69.6,70.3,7,0,1,0,0,0,-0.8,0,7.5,Under Review,No material delay,Inter-Department Coordination,No Significant Improvement
HIST-00789,Bihar Affordable Housing Scheme - Phase 2,Urban Development,Bihar,242.3,256.3,54,45,95.6,100.0,14,0,1,0,0,0,1.7,1,4.1,Under Review,No material delay,No Major Intervention,Not Applicable
HIST-00790,Odisha Sewerage Network Upgrade - Phase 1,Urban Development,Odisha,119.9,131.3,62,32,56.8,45.3,14,1,1,0,0,0,3.3,0,8.4,Under Review,No material delay,No Major Intervention,Not Applicable
HIST-00791,Odisha Container Yard Development - Phase 3,Ports,Odisha,273.6,276.5,14,84,96.7,100.0,4,1,0,0,0,0,7.8,2,1.2,Delayed,Other execution delay,No Major Intervention,Not Applicable
HIST-00792,West Bengal Metro Rail Extension - Phase 1,Railways,West Bengal,158.2,159.9,12,16,90.6,84.5,4,1,0,0,0,0,-1.3,0,0.2,Completed,No material delay,No Major Intervention,Not Applicable
HIST-00793,Kerala State Highway Upgradation - Phase 1,Roads,Kerala,53.1,54.2,41,54,100.0,100.0,9,0,0,0,0,0,-0.5,1,1.6,Completed,No material delay,No Major Intervention,Not Applicable
HIST-00794,Andhra Pradesh Substation Capacity Expansion - Phase 1,Power,Andhra Pradesh,359.9,359.9,54,59,85.7,75.7,15,1,0,1,0,0,-0.3,1,0.0,Completed,No material delay,No Major Intervention,Not Applicable
HIST-00795,Uttar Pradesh River Interlinking Scheme - Phase 3,Water Resources,Uttar Pradesh,135.6,146.2,67,68,100.0,97.3,16,0,0,0,0,0,1.3,1,6.7,Completed with Cost Overrun,No material delay,No Major Intervention,Not Applicable
HIST-00796,Jharkhand Port Connectivity Corridor - Phase 1,Ports,Jharkhand,1236.8,1370.5,23,86,93.3,95.4,9,2,1,0,0,0,5.7,7,5.3,Delayed,Land acquisition,Land Acquisition Task Force,Partially Successful
HIST-00797,West Bengal Water Supply Augmentation - Phase 1,Water Resources,West Bengal,159.4,164.1,48,80,100.0,100.0,13,1,1,0,0,0,4.0,7,3.0,Delayed,Land acquisition,Land Acquisition Task Force,No Significant Improvement
HIST-00798,Rajasthan Thermal Power Plant Modernisation - Phase 3,Power,Rajasthan,188.0,199.2,46,55,97.1,85.6,8,0,0,0,1,0,-2.0,0,5.4,Completed with Cost Overrun,No material delay,Additional Funding Approval,No Significant Improvement
HIST-00799,Telangana Water Supply Augmentation - Phase 2,Water Resources,Telangana,255.5,287.3,55,25,36.3,33.4,16,3,0,0,0,0,6.2,9,11.4,Under Review,Milestone slippage,Milestone Restructuring,No Significant Improvement
HIST-00800,West Bengal Irrigation Canal Modernisation - Phase 3,Water Resources,West Bengal,419.0,431.5,50,49,99.0,98.7,14,0,1,1,0,0,-5.5,2,3.3,Under Review,Land acquisition,Land Acquisition Task Force,Successful
HIST-00801,Uttar Pradesh Smart City Development - Phase 1,Urban Development,Uttar Pradesh,273.2,284.4,59,15,33.6,22.7,14,0,0,0,0,0,-3.5,0,4.3,Under Review,No material delay,No Major Intervention,Not Applicable
HIST-00802,Andhra Pradesh Sewerage Network Upgrade - Phase 1,Urban Development,Andhra Pradesh,78.1,78.4,43,35,81.9,71.5,11,0,1,0,0,0,-1.0,0,1.3,Under Review,No material delay,No Major Intervention,Not Applicable
HIST-00803,West Bengal Smart City Development - Phase 1,Urban Development,West Bengal,93.0,101.7,53,86,100.0,95.5,12,2,0,0,1,0,5.7,4,9.5,Delayed,Milestone slippage,Additional Funding Approval,No Significant Improvement
HIST-00804,Andhra Pradesh Runway Expansion Project - Phase 3,Airports,Andhra Pradesh,147.0,150.5,52,9,10.5,11.6,11,3,0,0,0,0,2.9,5,2.0,Under Review,Milestone slippage,Milestone Restructuring,Partially Successful
HIST-00805,Karnataka Substation Capacity Expansion - Phase 1,Power,Karnataka,58.9,59.4,70,49,72.8,78.0,21,0,0,0,0,0,5.0,0,0.0,Completed,No material delay,No Major Intervention,Not Applicable
HIST-00806,Odisha Transmission Line Augmentation - Phase 1,Power,Odisha,317.5,330.3,57,24,39.6,47.0,17,0,0,0,0,0,-3.2,0,3.5,Under Review,No material delay,No Major Intervention,Not Applicable
HIST-00807,Karnataka Urban Renewal Mission - Phase 2,Urban Development,Karnataka,70.3,73.3,24,61,93.8,93.2,4,2,0,0,0,0,9.4,0,3.0,Completed,No material delay,No Major Intervention,Not Applicable
HIST-00808,Haryana Substation Capacity Expansion - Phase 1,Power,Haryana,217.1,228.1,12,57,98.1,99.9,4,2,0,0,0,0,3.8,0,5.8,Completed with Cost Overrun,No material delay,No Major Intervention,Not Applicable
HIST-00809,Rajasthan Solar Power Park - Phase 1,Power,Rajasthan,699.9,707.6,32,82,100.0,94.5,8,0,0,1,0,0,9.7,0,1.2,Completed,No material delay,No Major Intervention,Not Applicable
HIST-00810,Telangana Expressway Corridor - Phase 2,Roads,Telangana,49.4,50.9,44,45,100.0,96.4,11,2,0,0,0,0,-1.7,1,3.4,Completed,No material delay,No Major Intervention,Not Applicable
HIST-00811,Uttar Pradesh Expressway Corridor - Phase 3,Roads,Uttar Pradesh,66.2,78.2,69,60,81.4,94.1,18,1,1,0,1,0,5.1,10,18.3,Delayed,Land acquisition,Land Acquisition Task Force,No Significant Improvement
HIST-00812,Karnataka Railway Electrification Project - Phase 1,Railways,Karnataka,428.4,460.0,47,87,77.8,89.1,13,2,0,1,0,0,7.8,0,6.9,Completed with Cost Overrun,No material delay,No Major Intervention,Not Applicable
HIST-00813,Haryana River Interlinking Scheme - Phase 3,Water Resources,Haryana,448.3,475.2,68,37,57.9,64.6,17,0,1,0,0,0,-2.9,1,3.7,Under Review,No material delay,Land Acquisition Task Force,Successful
HIST-00814,Odisha Freight Corridor Development - Phase 1,Railways,Odisha,133.9,152.0,48,89,99.1,97.2,11,0,1,0,0,1,-0.1,1,12.6,Completed with Cost Overrun,No material delay,Contractor Replacement,Partially Successful
HIST-00815,Maharashtra State Highway Upgradation - Phase 3,Roads,Maharashtra,360.5,438.4,40,79,100.0,100.0,9,0,1,1,1,1,-0.2,6,21.3,Delayed,Land acquisition,Additional Funding Approval,No Significant Improvement
HIST-00816,Haryana Ring Road Development - Phase 3,Roads,Haryana,32.1,37.3,61,46,67.6,74.0,17,2,1,0,0,0,7.7,10,15.6,Delayed,Land acquisition,Land Acquisition Task Force,No Significant Improvement
HIST-00817,West Bengal State Highway Upgradation - Phase 2,Roads,West Bengal,479.6,516.8,44,49,100.0,82.7,9,1,0,0,1,0,0.8,0,4.0,Completed,No material delay,Additional Funding Approval,Successful
HIST-00818,Kerala Railway Electrification Project - Phase 3,Railways,Kerala,67.6,69.3,38,71,97.5,85.9,10,0,1,0,0,0,-2.1,0,4.4,Completed,No material delay,No Major Intervention,Not Applicable
HIST-00819,Gujarat Ring Road Development - Phase 2,Roads,Gujarat,62.9,62.9,12,11,90.0,99.8,6,0,0,0,0,0,-6.8,4,0.0,Delayed,Other execution delay,No Major Intervention,Not Applicable
HIST-00820,Maharashtra National Highway Widening - Phase 3,Roads,Maharashtra,102.0,103.2,43,23,58.8,54.2,9,0,0,0,0,0,-6.0,0,1.1,Under Review,No material delay,Milestone Restructuring,Successful
HIST-00821,Tamil Nadu Rail Line Doubling - Phase 1,Railways,Tamil Nadu,196.9,198.0,64,28,45.3,46.3,14,0,0,1,0,0,-2.1,0,1.4,Under Review,No material delay,No Major Intervention,Not Applicable
HIST-00822,Madhya Pradesh Runway Expansion Project - Phase 2,Airports,Madhya Pradesh,147.9,155.9,35,59,100.0,100.0,11,1,0,0,0,0,-6.3,4,5.7,Delayed,Other execution delay,No Major Intervention,Not Applicable
HIST-00823,Telangana Port Terminal Expansion - Phase 1,Ports,Telangana,135.4,142.4,52,84,92.3,82.7,13,0,1,0,0,0,2.6,2,3.3,Delayed,Land acquisition,Land Acquisition Task Force,Successful
HIST-00824,Uttar Pradesh Transmission Line Augmentation - Phase 1,Power,Uttar Pradesh,367.7,373.2,45,24,55.5,39.7,9,1,0,0,0,0,2.4,1,1.7,Under Review,No material delay,No Major Intervention,Not Applicable
HIST-00825,West Bengal Airport Cargo Complex - Phase 2,Airports,West Bengal,84.6,95.9,48,67,99.2,98.6,15,1,1,1,0,0,1.2,7,11.5,Delayed,Land acquisition,Land Acquisition Task Force,Partially Successful
HIST-00826,Rajasthan National Highway Widening - Phase 1,Roads,Rajasthan,268.8,289.5,37,73,81.8,72.3,12,0,0,0,0,1,4.8,0,5.2,Completed with Cost Overrun,No material delay,Contractor Replacement,Successful
HIST-00827,Gujarat Freight Corridor Development - Phase 1,Railways,Gujarat,1516.3,1633.9,16,84,98.4,100.0,5,0,1,0,0,0,2.0,7,8.7,Delayed,Land acquisition,Land Acquisition Task Force,No Significant Improvement
HIST-00828,Rajasthan National Highway Widening - Phase 3,Roads,Rajasthan,533.8,572.4,42,58,100.0,96.2,9,0,1,0,0,0,-0.0,7,6.4,Delayed,Land acquisition,Land Acquisition Task Force,Partially Successful
HIST-00829,Rajasthan Solar Power Park - Phase 2,Power,Rajasthan,651.7,651.7,65,34,55.0,55.1,16,1,1,0,0,0,9.1,1,0.6,Under Review,No material delay,No Major Intervention,Not Applicable
HIST-00830,Kerala Affordable Housing Scheme - Phase 1,Urban Development,Kerala,279.9,301.9,34,79,94.6,87.3,6,1,1,0,0,0,7.7,4,5.2,Delayed,Land acquisition,Land Acquisition Task Force,Successful
HIST-00831,West Bengal Airport Terminal Development - Phase 1,Airports,West Bengal,301.4,349.8,64,85,94.4,83.2,15,2,0,0,1,1,8.6,3,9.6,Delayed,Milestone slippage,Additional Funding Approval,Successful
HIST-00832,Madhya Pradesh Smart City Development - Phase 3,Urban Development,Madhya Pradesh,828.6,914.3,28,12,39.1,53.3,8,2,0,0,0,1,5.2,1,7.5,Under Review,No material delay,Contractor Replacement,Partially Successful
HIST-00833,Haryana Airport Cargo Complex - Phase 2,Airports,Haryana,1113.7,1180.4,36,74,94.8,89.4,8,0,1,0,0,0,0.1,0,6.1,Completed with Cost Overrun,No material delay,No Major Intervention,Not Applicable
HIST-00834,Telangana Runway Expansion Project - Phase 1,Airports,Telangana,214.9,223.2,42,51,100.0,100.0,11,1,0,1,0,0,3.6,1,4.7,Completed,No material delay,No Major Intervention,Not Applicable
HIST-00835,Gujarat Transmission Line Augmentation - Phase 2,Power,Gujarat,25.0,27.1,18,36,97.7,95.2,5,0,0,1,1,0,-5.8,0,2.7,Completed,No material delay,Additional Funding Approval,Successful
HIST-00836,Andhra Pradesh Railway Electrification Project - Phase 3,Railways,Andhra Pradesh,582.2,585.6,44,36,84.5,65.7,10,0,1,0,0,0,-2.8,0,1.2,Completed,No material delay,No Major Intervention,Not Applicable
HIST-00837,Odisha Airport Cargo Complex - Phase 3,Airports,Odisha,262.0,267.3,31,10,32.2,13.5,9,0,0,0,0,1,12.4,0,1.4,Under Review,No material delay,Contractor Replacement,Successful
HIST-00838,Odisha Water Supply Augmentation - Phase 3,Water Resources,Odisha,354.6,380.7,46,69,100.0,97.9,7,1,1,0,0,0,8.6,8,9.1,Delayed,Land acquisition,Land Acquisition Task Force,No Significant Improvement
HIST-00839,Gujarat National Highway Widening - Phase 3,Roads,Gujarat,226.2,252.0,36,33,86.0,93.5,9,1,1,0,0,1,4.5,0,12.4,Completed with Cost Overrun,No material delay,No Major Intervention,Not Applicable
HIST-00840,West Bengal Smart City Development - Phase 1,Urban Development,West Bengal,370.5,373.7,51,21,33.1,16.9,11,0,0,0,0,0,-1.2,0,1.4,Under Review,No material delay,No Major Intervention,Not Applicable
HIST-00841,Tamil Nadu Transmission Line Augmentation - Phase 2,Power,Tamil Nadu,136.7,139.4,39,73,87.9,98.5,7,1,0,0,0,0,7.4,0,2.9,Completed,No material delay,No Major Intervention,Not Applicable
HIST-00842,Haryana River Interlinking Scheme - Phase 3,Water Resources,Haryana,46.0,50.7,44,72,90.2,95.3,13,0,1,0,0,1,4.8,3,8.2,Delayed,Land acquisition,Land Acquisition Task Force,Partially Successful
HIST-00843,Jharkhand Freight Corridor Development - Phase 3,Railways,Jharkhand,607.9,679.6,40,85,100.0,100.0,12,2,1,0,0,0,7.9,12,12.3,Delayed,Land acquisition,Land Acquisition Task Force,No Significant Improvement
HIST-00844,West Bengal Rail Line Doubling - Phase 3,Railways,West Bengal,239.4,256.5,34,40,100.0,100.0,7,3,0,0,0,0,8.0,5,5.5,Under Review,Milestone slippage,Milestone Restructuring,Partially Successful
HIST-00845,Rajasthan State Highway Upgradation - Phase 1,Roads,Rajasthan,288.9,299.2,50,10,27.4,35.6,10,0,0,0,0,0,2.2,0,3.0,Under Review,No material delay,No Major Intervention,Not Applicable
HIST-00846,Andhra Pradesh Port Terminal Expansion - Phase 2,Ports,Andhra Pradesh,286.3,324.8,38,80,97.1,97.5,9,0,1,0,1,0,5.6,7,12.1,Delayed,Land acquisition,Land Acquisition Task Force,Partially Successful
HIST-00847,West Bengal Transmission Line Augmentation - Phase 3,Power,West Bengal,317.9,326.3,37,60,100.0,99.6,9,0,0,0,0,0,-0.4,0,1.5,Completed,No material delay,No Major Intervention,Not Applicable
HIST-00848,Karnataka River Interlinking Scheme - Phase 3,Water Resources,Karnataka,247.4,286.1,39,54,100.0,87.6,10,0,1,1,1,0,-7.1,0,12.5,Completed with Cost Overrun,No material delay,Additional Funding Approval,Partially Successful
HIST-00849,Bihar River Interlinking Scheme - Phase 2,Water Resources,Bihar,234.6,238.2,33,7,26.5,37.8,11,0,0,0,0,0,2.0,1,2.2,Under Review,No material delay,No Major Intervention,Not Applicable
HIST-00850,Kerala Airport Cargo Complex - Phase 3,Airports,Kerala,751.0,851.1,34,42,87.5,79.5,7,1,0,0,1,0,6.1,5,14.0,Delayed,Funding release,Additional Funding Approval,No Significant Improvement
HIST-00851,Karnataka Airport Cargo Complex - Phase 1,Airports,Karnataka,1446.3,1550.1,39,64,97.1,100.0,10,1,1,0,0,0,2.8,4,4.3,Delayed,Land acquisition,Land Acquisition Task Force,Successful
HIST-00852,Maharashtra Affordable Housing Scheme - Phase 3,Urban Development,Maharashtra,186.6,196.8,48,7,10.5,19.7,10,0,0,0,0,0,-0.9,0,8.5,Under Review,No material delay,No Major Intervention,Not Applicable
HIST-00853,Andhra Pradesh Freight Corridor Development - Phase 2,Railways,Andhra Pradesh,270.3,272.3,12,7,54.4,59.4,4,0,0,0,0,0,-1.3,0,2.1,Completed,No material delay,No Major Intervention,Not Applicable
HIST-00854,Telangana Freight Corridor Development - Phase 3,Railways,Telangana,290.5,349.2,49,17,29.6,28.5,9,2,1,1,0,0,9.5,6,10.4,Under Review,Land acquisition,Land Acquisition Task Force,Successful
HIST-00855,Kerala State Highway Upgradation - Phase 3,Roads,Kerala,618.2,661.8,16,84,100.0,97.0,4,2,0,1,0,0,7.6,0,8.0,Completed with Cost Overrun,No material delay,No Major Intervention,Not Applicable
HIST-00856,Rajasthan Dam Rehabilitation Project - Phase 1,Water Resources,Rajasthan,754.7,829.8,83,51,67.0,65.8,20,0,1,0,0,0,4.3,11,11.6,Under Review,Land acquisition,Land Acquisition Task Force,No Significant Improvement
HIST-00857,Telangana Port Terminal Expansion - Phase 2,Ports,Telangana,1351.0,1412.0,54,57,100.0,100.0,8,1,0,0,0,0,3.5,0,2.9,Completed,No material delay,No Major Intervention,Not Applicable
HIST-00858,Jharkhand Sewerage Network Upgrade - Phase 1,Urban Development,Jharkhand,609.8,609.8,61,24,41.7,28.8,15,0,0,0,0,0,-4.6,1,0.0,Under Review,No material delay,No Major Intervention,Not Applicable
HIST-00859,Karnataka Transmission Line Augmentation - Phase 3,Power,Karnataka,284.1,289.8,42,24,59.2,50.5,9,1,0,0,0,0,16.2,0,0.5,Under Review,No material delay,No Major Intervention,Not Applicable
HIST-00860,Bihar Urban Renewal Mission - Phase 3,Urban Development,Bihar,581.1,592.8,34,23,58.5,78.9,7,0,0,0,0,0,2.8,0,2.5,Under Review,No material delay,No Major Intervention,Not Applicable
HIST-00861,Madhya Pradesh Affordable Housing Scheme - Phase 2,Urban Development,Madhya Pradesh,290.7,298.4,46,44,99.3,100.0,10,1,0,0,0,0,6.7,0,1.8,Under Review,No material delay,No Major Intervention,Not Applicable
HIST-00862,Madhya Pradesh Container Yard Development - Phase 2,Ports,Madhya Pradesh,175.6,175.6,12,87,100.0,99.6,4,1,0,0,0,0,-4.4,2,0.6,Delayed,Other execution delay,No Major Intervention,Not Applicable
HIST-00863,Madhya Pradesh State Highway Upgradation - Phase 2,Roads,Madhya Pradesh,370.7,373.1,41,75,99.1,96.3,8,0,0,0,0,0,6.4,4,0.0,Delayed,Other execution delay,No Major Intervention,Not Applicable
HIST-00864,Rajasthan National Highway Widening - Phase 3,Roads,Rajasthan,169.6,169.9,45,46,97.1,83.6,11,0,0,1,0,0,0.5,2,0.7,Delayed,Pending clearance,No Major Intervention,Not Applicable
HIST-00865,Kerala Expressway Corridor - Phase 2,Roads,Kerala,51.2,51.6,60,20,45.7,63.4,15,0,0,0,0,0,1.3,1,0.2,Under Review,No material delay,No Major Intervention,Not Applicable
HIST-00866,Jharkhand Metro Rail Extension - Phase 2,Railways,Jharkhand,175.0,184.8,23,18,81.5,79.3,4,1,0,0,0,0,-5.8,1,5.6,Under Review,No material delay,No Major Intervention,Not Applicable
HIST-00867,Gujarat Irrigation Canal Modernisation - Phase 1,Water Resources,Gujarat,457.2,465.4,38,72,100.0,100.0,11,0,0,0,0,1,-4.8,0,1.0,Completed,No material delay,Contractor Replacement,Successful
HIST-00868,Tamil Nadu River Interlinking Scheme - Phase 2,Water Resources,Tamil Nadu,1270.8,1315.8,43,69,100.0,100.0,9,1,1,0,0,0,-0.2,12,3.9,Delayed,Land acquisition,Land Acquisition Task Force,No Significant Improvement
HIST-00869,Odisha Freight Corridor Development - Phase 2,Railways,Odisha,290.7,338.7,27,10,40.4,38.4,6,4,0,0,0,1,7.8,4,8.7,Under Review,Milestone slippage,Contractor Replacement,Successful
HIST-00870,Telangana Railway Electrification Project - Phase 1,Railways,Telangana,163.4,179.3,30,81,99.0,100.0,8,2,0,1,0,0,3.8,1,6.2,Completed with Cost Overrun,No material delay,Inter-Department Coordination,Successful
HIST-00871,Karnataka Port Terminal Expansion - Phase 2,Ports,Karnataka,136.9,136.9,59,60,97.1,100.0,14,0,1,0,0,0,0.7,1,0.0,Completed,No material delay,No Major Intervention,Not Applicable
HIST-00872,Telangana Rail Line Doubling - Phase 3,Railways,Telangana,126.7,128.9,59,48,74.9,69.1,16,0,0,1,0,0,-1.4,0,0.4,Under Review,No material delay,No Major Intervention,Not Applicable
HIST-00873,West Bengal Transmission Line Augmentation - Phase 2,Power,West Bengal,512.1,536.1,26,49,100.0,100.0,7,0,0,0,0,0,-1.1,0,3.0,Completed,No material delay,Land Acquisition Task Force,Successful
HIST-00874,Rajasthan National Highway Widening - Phase 1,Roads,Rajasthan,159.9,177.5,62,60,97.6,100.0,16,1,1,0,0,0,1.0,0,12.0,Completed with Cost Overrun,No material delay,No Major Intervention,Not Applicable
HIST-00875,Tamil Nadu Sewerage Network Upgrade - Phase 3,Urban Development,Tamil Nadu,211.5,224.9,35,58,81.1,93.1,10,3,0,0,0,1,2.7,9,7.2,Delayed,Milestone slippage,Contractor Replacement,No Significant Improvement
HIST-00876,Andhra Pradesh Thermal Power Plant Modernisation - Phase 2,Power,Andhra Pradesh,381.0,388.9,23,35,100.0,100.0,4,1,0,1,0,0,6.0,6,1.4,Delayed,Pending clearance,Inter-Department Coordination,No Significant Improvement
HIST-00877,Uttar Pradesh Irrigation Canal Modernisation - Phase 2,Water Resources,Uttar Pradesh,296.2,343.5,40,15,51.3,70.0,8,0,1,1,0,1,-12.0,0,13.6,Completed with Cost Overrun,No material delay,Contractor Replacement,Partially Successful
HIST-00878,Bihar Smart City Development - Phase 2,Urban Development,Bihar,115.0,118.8,34,79,92.8,91.5,12,0,0,0,0,0,6.2,1,4.3,Completed,No material delay,No Major Intervention,Not Applicable
HIST-00879,Rajasthan Substation Capacity Expansion - Phase 1,Power,Rajasthan,547.0,594.8,60,14,24.1,38.7,14,3,0,0,0,0,11.1,1,5.7,Under Review,No material delay,Milestone Restructuring,Successful
HIST-00880,Telangana National Highway Widening - Phase 1,Roads,Telangana,1918.6,1961.9,72,7,22.2,27.2,19,0,0,0,0,0,5.4,1,2.9,Under Review,No material delay,Additional Funding Approval,No Significant Improvement
HIST-00881,Telangana Water Supply Augmentation - Phase 2,Water Resources,Telangana,580.5,629.2,45,79,94.6,84.2,13,1,0,1,0,0,10.2,4,7.3,Delayed,Pending clearance,Inter-Department Coordination,Partially Successful
HIST-00882,Telangana Sewerage Network Upgrade - Phase 3,Urban Development,Telangana,294.5,361.6,33,55,95.4,89.1,9,3,0,1,1,1,6.8,12,21.6,Delayed,Milestone slippage,Additional Funding Approval,No Significant Improvement
HIST-00883,Uttar Pradesh Rail Line Doubling - Phase 3,Railways,Uttar Pradesh,66.4,67.4,51,72,100.0,100.0,10,1,0,0,0,0,-0.9,0,0.3,Completed,No material delay,Milestone Restructuring,Partially Successful
HIST-00884,Odisha Airport Cargo Complex - Phase 1,Airports,Odisha,772.9,872.5,57,26,49.2,51.9,11,0,1,1,0,1,1.5,1,6.5,Under Review,No material delay,Contractor Replacement,Successful
HIST-00885,Telangana State Highway Upgradation - Phase 2,Roads,Telangana,465.0,539.1,28,88,95.3,84.8,9,2,1,0,1,0,1.5,7,11.8,Delayed,Land acquisition,Land Acquisition Task Force,Partially Successful
HIST-00886,Rajasthan Container Yard Development - Phase 1,Ports,Rajasthan,88.8,96.9,77,64,94.7,86.9,18,1,1,1,0,0,8.9,5,6.2,Under Review,Land acquisition,Land Acquisition Task Force,Successful
HIST-00887,Maharashtra Rail Line Doubling - Phase 2,Railways,Maharashtra,375.1,396.9,49,54,99.7,100.0,9,1,0,1,0,0,6.4,5,6.0,Delayed,Pending clearance,Inter-Department Coordination,No Significant Improvement
HIST-00888,Andhra Pradesh State Highway Upgradation - Phase 2,Roads,Andhra Pradesh,313.5,335.5,45,53,100.0,96.3,13,0,0,0,0,1,-1.1,1,7.8,Completed with Cost Overrun,No material delay,Inter-Department Coordination,No Significant Improvement
HIST-00889,Madhya Pradesh Substation Capacity Expansion - Phase 2,Power,Madhya Pradesh,108.7,116.0,12,66,100.0,90.7,5,0,1,0,0,0,-0.7,0,4.5,Completed,No material delay,No Major Intervention,Not Applicable
HIST-00890,Madhya Pradesh Airport Terminal Development - Phase 1,Airports,Madhya Pradesh,558.4,586.9,12,66,96.5,100.0,4,1,1,0,0,0,1.0,3,2.5,Delayed,Land acquisition,Land Acquisition Task Force,Successful
HIST-00891,Haryana Port Connectivity Corridor - Phase 2,Ports,Haryana,838.1,904.7,24,63,95.4,100.0,6,1,1,0,0,0,2.6,0,8.4,Completed with Cost Overrun,No material delay,No Major Intervention,Not Applicable
HIST-00892,Tamil Nadu Ring Road Development - Phase 2,Roads,Tamil Nadu,184.4,184.4,59,42,70.4,69.6,16,0,0,1,0,0,1.5,0,0.0,Completed,No material delay,No Major Intervention,Not Applicable
HIST-00893,Gujarat State Highway Upgradation - Phase 1,Roads,Gujarat,497.4,546.0,12,57,100.0,92.4,4,2,0,0,0,1,11.0,3,6.7,Delayed,Milestone slippage,Contractor Replacement,Successful
HIST-00894,Odisha Railway Electrification Project - Phase 3,Railways,Odisha,347.6,352.9,41,21,47.2,42.4,9,1,0,1,0,0,3.9,0,2.7,Under Review,No material delay,Milestone Restructuring,Partially Successful
HIST-00895,Telangana Container Yard Development - Phase 1,Ports,Telangana,180.5,196.4,85,24,23.1,38.9,23,0,0,0,1,1,-1.3,0,4.7,Under Review,No material delay,Additional Funding Approval,Successful
HIST-00896,Odisha Port Terminal Expansion - Phase 1,Ports,Odisha,286.0,293.2,63,7,19.8,13.5,14,0,0,0,0,0,-0.8,0,2.3,Under Review,No material delay,No Major Intervention,Not Applicable
HIST-00897,Bihar Solar Power Park - Phase 2,Power,Bihar,311.8,375.7,50,68,100.0,91.0,14,2,0,1,1,1,9.7,5,19.9,Delayed,Milestone slippage,Additional Funding Approval,No Significant Improvement
HIST-00898,Madhya Pradesh Railway Electrification Project - Phase 3,Railways,Madhya Pradesh,341.1,346.3,40,20,36.8,38.8,11,3,0,0,0,0,-2.1,1,1.8,Under Review,No material delay,Milestone Restructuring,Partially Successful
HIST-00899,Uttar Pradesh Airport Cargo Complex - Phase 1,Airports,Uttar Pradesh,77.4,80.5,67,32,45.2,47.1,16,1,0,0,0,0,4.5,5,3.6,Under Review,Other execution delay,No Major Intervention,Not Applicable
HIST-00900,Telangana Rail Line Doubling - Phase 1,Railways,Telangana,878.3,878.3,51,64,100.0,94.4,9,0,0,0,0,0,-1.9,1,0.0,Completed,No material delay,No Major Intervention,Not Applicable
HIST-00901,Bihar Smart City Development - Phase 2,Urban Development,Bihar,312.3,334.1,69,83,86.4,97.0,16,0,0,0,1,0,3.4,0,7.1,Completed with Cost Overrun,No material delay,Additional Funding Approval,No Significant Improvement
HIST-00902,Tamil Nadu Water Supply Augmentation - Phase 3,Water Resources,Tamil Nadu,810.4,872.6,68,66,100.0,100.0,17,0,0,1,0,1,-0.4,0,4.8,Completed,No material delay,Contractor Replacement,Successful
HIST-00903,Rajasthan Airport Cargo Complex - Phase 1,Airports,Rajasthan,385.7,402.9,22,54,96.4,88.0,8,1,0,0,0,1,5.3,0,4.0,Completed,No material delay,Contractor Replacement,No Significant Improvement
HIST-00904,Maharashtra Affordable Housing Scheme - Phase 2,Urban Development,Maharashtra,549.4,554.7,49,30,60.6,57.4,12,0,0,0,0,0,-0.2,0,0.5,Under Review,No material delay,No Major Intervention,Not Applicable
HIST-00905,Maharashtra Port Terminal Expansion - Phase 3,Ports,Maharashtra,148.2,151.9,69,51,54.7,60.9,20,0,0,0,0,0,-7.4,1,2.3,Completed,No material delay,No Major Intervention,Not Applicable
HIST-00906,Jharkhand River Interlinking Scheme - Phase 2,Water Resources,Jharkhand,76.2,77.9,47,14,39.0,58.3,12,0,1,0,0,0,1.5,1,0.7,Completed,No material delay,No Major Intervention,Not Applicable
HIST-00907,Maharashtra Ring Road Development - Phase 2,Roads,Maharashtra,1184.7,1406.5,34,42,88.1,81.9,7,4,1,0,0,1,11.6,12,18.0,Delayed,Land acquisition,Land Acquisition Task Force,No Significant Improvement
HIST-00908,Gujarat Ring Road Development - Phase 1,Roads,Gujarat,652.7,684.0,42,55,99.2,92.1,11,0,1,0,0,0,-3.4,2,4.7,Delayed,Land acquisition,No Major Intervention,Not Applicable
HIST-00909,Telangana Freight Corridor Development - Phase 3,Railways,Telangana,1725.3,1940.7,45,57,100.0,100.0,10,1,1,0,0,1,4.9,7,11.6,Delayed,Land acquisition,No Major Intervention,Not Applicable
HIST-00910,Telangana State Highway Upgradation - Phase 2,Roads,Telangana,224.5,224.5,49,48,100.0,100.0,8,0,0,0,0,0,1.3,0,0.0,Completed,No material delay,No Major Intervention,Not Applicable
HIST-00911,Tamil Nadu Metro Rail Extension - Phase 2,Railways,Tamil Nadu,561.7,598.3,27,20,79.1,84.3,6,0,0,0,0,0,-3.5,0,5.6,Under Review,No material delay,No Major Intervention,Not Applicable
HIST-00912,West Bengal Ring Road Development - Phase 1,Roads,West Bengal,713.5,720.3,43,57,100.0,100.0,12,1,0,0,0,0,1.1,0,1.3,Completed,No material delay,No Major Intervention,Not Applicable
HIST-00913,Haryana Expressway Corridor - Phase 3,Roads,Haryana,107.5,115.1,44,39,94.8,88.9,9,0,1,0,1,0,10.8,0,4.9,Under Review,No material delay,Additional Funding Approval,Partially Successful
HIST-00914,Madhya Pradesh Smart City Development - Phase 3,Urban Development,Madhya Pradesh,58.6,61.6,62,30,41.2,26.4,18,1,0,0,1,0,0.1,0,4.8,Under Review,No material delay,Additional Funding Approval,No Significant Improvement
HIST-00915,Jharkhand Water Supply Augmentation - Phase 2,Water Resources,Jharkhand,166.8,174.8,45,51,100.0,95.8,11,0,1,0,0,0,4.8,1,5.2,Under Review,No material delay,No Major Intervention,Not Applicable
HIST-00916,Uttar Pradesh State Highway Upgradation - Phase 3,Roads,Uttar Pradesh,1063.6,1063.6,33,66,100.0,100.0,10,1,0,0,0,0,3.0,5,1.2,Delayed,Other execution delay,No Major Intervention,Not Applicable
HIST-00917,Karnataka National Highway Widening - Phase 2,Roads,Karnataka,362.8,385.6,47,33,77.2,69.2,10,2,0,1,0,0,7.6,7,6.8,Under Review,Milestone slippage,Inter-Department Coordination,No Significant Improvement
HIST-00918,Jharkhand Solar Power Park - Phase 2,Power,Jharkhand,662.1,729.7,45,82,100.0,100.0,13,2,0,0,0,1,7.2,0,6.5,Completed with Cost Overrun,No material delay,Contractor Replacement,Partially Successful
HIST-00919,Gujarat Irrigation Canal Modernisation - Phase 1,Water Resources,Gujarat,242.6,243.2,60,41,70.1,80.1,15,2,0,0,0,0,-0.3,0,2.8,Under Review,No material delay,No Major Intervention,Not Applicable
HIST-00920,Odisha Port Terminal Expansion - Phase 1,Ports,Odisha,379.5,429.9,40,6,11.6,11.8,8,3,0,1,0,1,5.4,1,13.4,Under Review,No material delay,Contractor Replacement,No Significant Improvement
HIST-00921,Uttar Pradesh Irrigation Canal Modernisation - Phase 2,Water Resources,Uttar Pradesh,450.2,469.3,31,17,59.3,61.6,7,0,0,1,0,0,9.3,0,5.5,Completed with Cost Overrun,No material delay,No Major Intervention,Not Applicable
HIST-00922,Jharkhand Urban Renewal Mission - Phase 3,Urban Development,Jharkhand,158.4,158.4,63,18,34.6,38.6,12,1,0,0,0,0,4.0,0,0.0,Under Review,No material delay,No Major Intervention,Not Applicable
HIST-00923,Bihar Sewerage Network Upgrade - Phase 3,Urban Development,Bihar,123.5,133.7,42,78,100.0,100.0,11,0,1,1,0,0,9.3,11,9.4,Delayed,Land acquisition,No Major Intervention,Not Applicable
HIST-00924,Rajasthan Sewerage Network Upgrade - Phase 3,Urban Development,Rajasthan,88.6,99.7,57,77,100.0,100.0,13,1,1,0,1,0,4.1,0,8.0,Completed with Cost Overrun,No material delay,Land Acquisition Task Force,Successful
HIST-00925,Bihar National Highway Widening - Phase 3,Roads,Bihar,310.7,323.5,40,15,44.7,39.7,11,0,0,1,0,0,-1.6,1,4.8,Under Review,No material delay,No Major Intervention,Not Applicable
HIST-00926,Madhya Pradesh Ring Road Development - Phase 3,Roads,Madhya Pradesh,83.6,95.1,38,44,97.9,93.6,10,0,1,0,0,0,6.5,0,14.0,Completed with Cost Overrun,No material delay,No Major Intervention,Not Applicable
HIST-00927,Bihar Container Yard Development - Phase 2,Ports,Bihar,1352.9,1517.9,34,73,87.2,82.3,9,1,0,1,1,1,3.5,4,10.0,Delayed,Contractor performance,Additional Funding Approval,Partially Successful
HIST-00928,Jharkhand Smart City Development - Phase 3,Urban Development,Jharkhand,303.3,318.7,45,37,88.5,87.1,8,0,0,0,0,0,-5.7,2,7.1,Delayed,Other execution delay,No Major Intervention,Not Applicable
HIST-00929,Jharkhand Smart City Development - Phase 3,Urban Development,Jharkhand,301.5,322.2,45,81,90.2,93.4,13,1,1,0,0,0,-1.4,5,4.1,Delayed,Land acquisition,Land Acquisition Task Force,Successful
HIST-00930,West Bengal Port Connectivity Corridor - Phase 2,Ports,West Bengal,269.0,296.0,48,77,100.0,100.0,10,1,0,0,1,0,1.6,0,6.3,Completed with Cost Overrun,No material delay,Additional Funding Approval,Partially Successful
HIST-00931,Gujarat Smart City Development - Phase 2,Urban Development,Gujarat,250.0,260.7,49,22,45.3,30.1,12,1,0,0,1,0,2.4,4,2.8,Delayed,Funding release,Additional Funding Approval,Partially Successful
HIST-00932,Maharashtra Sewerage Network Upgrade - Phase 2,Urban Development,Maharashtra,200.5,212.9,13,83,96.4,96.3,5,0,0,0,1,1,-6.2,0,4.7,Completed,No material delay,Additional Funding Approval,Partially Successful
HIST-00933,Odisha Port Terminal Expansion - Phase 1,Ports,Odisha,176.1,181.4,12,66,95.8,90.0,4,1,0,0,0,0,2.6,0,1.7,Completed,No material delay,No Major Intervention,Not Applicable
HIST-00934,Andhra Pradesh State Highway Upgradation - Phase 2,Roads,Andhra Pradesh,41.2,43.5,41,22,47.3,49.0,11,0,1,0,0,0,-7.7,0,3.3,Under Review,No material delay,No Major Intervention,Not Applicable
HIST-00935,Haryana Railway Electrification Project - Phase 1,Railways,Haryana,440.5,460.3,14,88,100.0,100.0,5,0,0,0,0,1,4.9,0,5.3,Completed with Cost Overrun,No material delay,Contractor Replacement,No Significant Improvement
HIST-00936,Jharkhand Expressway Corridor - Phase 2,Roads,Jharkhand,488.9,509.2,33,55,97.6,100.0,5,1,0,0,0,0,2.1,0,5.5,Completed with Cost Overrun,No material delay,No Major Intervention,Not Applicable
HIST-00937,Rajasthan Solar Power Park - Phase 1,Power,Rajasthan,284.7,305.6,44,87,98.5,91.3,8,1,1,0,0,0,4.7,0,7.6,Completed with Cost Overrun,No material delay,No Major Intervention,Not Applicable
HIST-00938,Madhya Pradesh Rail Line Doubling - Phase 3,Railways,Madhya Pradesh,189.7,193.2,40,78,100.0,99.9,8,1,0,0,0,0,1.7,1,1.9,Completed,No material delay,No Major Intervention,Not Applicable
HIST-00939,Haryana Sewerage Network Upgrade - Phase 1,Urban Development,Haryana,312.0,312.0,43,88,100.0,98.3,12,1,0,0,0,0,-7.7,8,0.9,Delayed,Other execution delay,No Major Intervention,Not Applicable
HIST-00940,Telangana Runway Expansion Project - Phase 1,Airports,Telangana,103.8,106.0,39,60,100.0,95.1,9,0,0,0,0,0,-2.3,0,2.3,Completed,No material delay,No Major Intervention,Not Applicable
HIST-00941,Andhra Pradesh Freight Corridor Development - Phase 3,Railways,Andhra Pradesh,493.3,522.8,49,77,100.0,100.0,11,0,1,0,0,0,1.2,6,3.4,Delayed,Land acquisition,Land Acquisition Task Force,Partially Successful
HIST-00942,Karnataka Sewerage Network Upgrade - Phase 1,Urban Development,Karnataka,139.4,159.4,66,87,94.3,100.0,17,0,0,0,1,0,10.4,3,11.6,Delayed,Funding release,Additional Funding Approval,Partially Successful
HIST-00943,Rajasthan Affordable Housing Scheme - Phase 3,Urban Development,Rajasthan,70.5,77.8,30,65,100.0,100.0,8,0,1,0,0,0,2.5,3,4.6,Delayed,Land acquisition,Land Acquisition Task Force,Successful
HIST-00944,Bihar Smart City Development - Phase 2,Urban Development,Bihar,353.1,363.8,26,86,100.0,100.0,8,0,0,1,0,0,-8.9,4,2.4,Delayed,Pending clearance,Inter-Department Coordination,Partially Successful
HIST-00945,Telangana State Highway Upgradation - Phase 2,Roads,Telangana,1540.3,1563.3,37,81,100.0,90.2,8,0,0,0,0,0,4.3,1,0.5,Completed,No material delay,No Major Intervention,Not Applicable
HIST-00946,Bihar Urban Renewal Mission - Phase 1,Urban Development,Bihar,1759.9,1992.5,36,84,100.0,100.0,11,1,1,1,0,0,2.9,11,11.2,Delayed,Land acquisition,Land Acquisition Task Force,Partially Successful
HIST-00947,Uttar Pradesh Metro Rail Extension - Phase 3,Railways,Uttar Pradesh,223.4,262.0,73,26,24.1,17.2,16,4,1,0,0,1,6.9,10,19.2,Under Review,Land acquisition,No Major Intervention,Not Applicable
HIST-00948,Andhra Pradesh Irrigation Canal Modernisation - Phase 3,Water Resources,Andhra Pradesh,308.5,318.1,58,54,80.9,68.1,13,0,0,1,0,0,3.9,1,3.9,Completed,No material delay,No Major Intervention,Not Applicable
HIST-00949,Madhya Pradesh National Highway Widening - Phase 3,Roads,Madhya Pradesh,304.5,340.8,48,41,88.9,64.4,16,0,0,0,1,1,-7.6,0,14.1,Completed with Cost Overrun,No material delay,Additional Funding Approval,No Significant Improvement
HIST-00950,Maharashtra Airport Terminal Development - Phase 1,Airports,Maharashtra,1384.5,1422.6,63,42,78.5,74.1,16,0,0,0,0,0,-9.7,0,3.4,Completed,No material delay,No Major Intervention,Not Applicable
HIST-00951,Karnataka Thermal Power Plant Modernisation - Phase 1,Power,Karnataka,204.6,209.9,53,12,27.0,26.1,15,1,0,0,0,0,-3.5,0,2.2,Under Review,No material delay,No Major Intervention,Not Applicable
HIST-00952,Kerala Affordable Housing Scheme - Phase 2,Urban Development,Kerala,275.3,293.7,31,32,84.1,90.2,8,1,1,0,0,0,1.0,0,5.8,Completed with Cost Overrun,No material delay,No Major Intervention,Not Applicable
HIST-00953,Tamil Nadu Freight Corridor Development - Phase 2,Railways,Tamil Nadu,60.2,61.0,30,24,81.9,79.5,6,1,1,0,0,0,-0.7,0,1.4,Under Review,No material delay,No Major Intervention,Not Applicable
HIST-00954,Karnataka Railway Electrification Project - Phase 3,Railways,Karnataka,72.5,77.8,41,34,80.7,87.3,16,0,1,1,0,0,-1.1,1,7.0,Completed with Cost Overrun,No material delay,Inter-Department Coordination,No Significant Improvement
HIST-00955,Karnataka Solar Power Park - Phase 1,Power,Karnataka,1457.9,1571.3,45,58,98.7,100.0,10,1,0,0,1,0,5.0,0,9.4,Completed with Cost Overrun,No material delay,Additional Funding Approval,No Significant Improvement
HIST-00956,Jharkhand Sewerage Network Upgrade - Phase 3,Urban Development,Jharkhand,25.0,27.2,13,65,93.6,100.0,4,2,0,0,0,1,5.5,1,8.4,Completed with Cost Overrun,No material delay,Contractor Replacement,No Significant Improvement
HIST-00957,Kerala Transmission Line Augmentation - Phase 2,Power,Kerala,68.3,73.1,39,33,82.9,81.4,9,1,0,0,1,0,2.6,0,5.5,Under Review,No material delay,Additional Funding Approval,No Significant Improvement
HIST-00958,Andhra Pradesh Irrigation Canal Modernisation - Phase 2,Water Resources,Andhra Pradesh,172.2,182.2,31,74,100.0,100.0,10,0,0,0,1,0,0.0,0,5.4,Completed with Cost Overrun,No material delay,Additional Funding Approval,Partially Successful
HIST-00959,Telangana National Highway Widening - Phase 2,Roads,Telangana,286.3,304.8,60,7,14.7,13.0,19,0,0,0,0,0,2.6,1,5.5,Under Review,No material delay,No Major Intervention,Not Applicable
HIST-00960,Gujarat Solar Power Park - Phase 1,Power,Gujarat,120.5,122.5,44,41,99.4,85.5,11,0,0,0,0,0,-4.6,1,0.7,Completed,No material delay,No Major Intervention,Not Applicable
HIST-00961,Gujarat Smart City Development - Phase 2,Urban Development,Gujarat,124.1,124.3,39,29,69.0,69.5,14,0,0,0,0,0,-3.6,0,0.8,Completed,No material delay,No Major Intervention,Not Applicable
HIST-00962,Maharashtra Thermal Power Plant Modernisation - Phase 3,Power,Maharashtra,1304.6,1433.1,58,43,70.7,68.4,15,0,0,1,1,0,0.6,0,5.8,Completed with Cost Overrun,No material delay,Additional Funding Approval,Successful
HIST-00963,Madhya Pradesh Thermal Power Plant Modernisation - Phase 2,Power,Madhya Pradesh,103.5,106.5,77,12,16.6,8.9,23,1,0,0,0,0,4.3,1,2.9,Under Review,No material delay,No Major Intervention,Not Applicable
HIST-00964,Odisha Affordable Housing Scheme - Phase 3,Urban Development,Odisha,302.4,330.0,45,28,79.6,90.4,13,2,0,0,0,0,13.7,9,9.0,Delayed,Milestone slippage,No Major Intervention,Not Applicable
HIST-00965,Andhra Pradesh Metro Rail Extension - Phase 1,Railways,Andhra Pradesh,72.4,76.4,46,47,100.0,100.0,13,0,0,0,0,0,-3.3,0,2.7,Completed,No material delay,Contractor Replacement,Partially Successful
HIST-00966,Uttar Pradesh Freight Corridor Development - Phase 1,Railways,Uttar Pradesh,401.6,486.1,18,10,57.2,76.4,4,2,1,0,1,0,8.5,6,12.2,Delayed,Land acquisition,Land Acquisition Task Force,Successful
HIST-00967,Madhya Pradesh Irrigation Canal Modernisation - Phase 1,Water Resources,Madhya Pradesh,705.2,731.5,46,40,87.3,91.2,14,0,0,0,0,1,4.6,1,3.6,Under Review,No material delay,Contractor Replacement,Partially Successful
HIST-00968,Madhya Pradesh Freight Corridor Development - Phase 3,Railways,Madhya Pradesh,207.8,209.0,61,45,88.3,89.4,17,0,0,0,0,0,-5.9,0,0.1,Under Review,No material delay,No Major Intervention,Not Applicable
HIST-00969,Gujarat Metro Rail Extension - Phase 2,Railways,Gujarat,260.3,299.0,30,83,100.0,100.0,7,1,1,1,0,0,3.1,11,15.4,Delayed,Land acquisition,Land Acquisition Task Force,No Significant Improvement
HIST-00970,West Bengal Ring Road Development - Phase 1,Roads,West Bengal,284.7,300.7,40,10,22.0,23.9,11,1,0,0,0,0,-6.1,0,6.8,Under Review,No material delay,No Major Intervention,Not Applicable
HIST-00971,Kerala State Highway Upgradation - Phase 2,Roads,Kerala,113.4,132.4,39,54,92.3,99.4,4,1,1,1,0,0,12.6,12,18.8,Under Review,Land acquisition,Land Acquisition Task Force,No Significant Improvement
HIST-00972,Jharkhand Sewerage Network Upgrade - Phase 3,Urban Development,Jharkhand,407.3,428.7,57,36,55.2,65.8,15,1,0,0,0,0,7.5,6,3.1,Under Review,Other execution delay,Inter-Department Coordination,No Significant Improvement
HIST-00973,Karnataka Water Supply Augmentation - Phase 2,Water Resources,Karnataka,205.9,208.1,45,67,100.0,100.0,12,0,1,0,0,0,-3.6,0,2.0,Completed,No material delay,No Major Intervention,Not Applicable
HIST-00974,Madhya Pradesh Urban Renewal Mission - Phase 2,Urban Development,Madhya Pradesh,1023.4,1048.1,39,28,64.0,53.1,7,0,0,0,0,0,-1.2,0,3.3,Under Review,No material delay,No Major Intervention,Not Applicable
HIST-00975,Tamil Nadu Urban Renewal Mission - Phase 3,Urban Development,Tamil Nadu,213.5,216.2,51,69,100.0,99.8,15,2,0,0,0,0,-2.1,0,1.1,Completed,No material delay,No Major Intervention,Not Applicable
HIST-00976,Tamil Nadu Airport Terminal Development - Phase 2,Airports,Tamil Nadu,67.7,70.6,55,60,100.0,98.6,10,0,1,0,0,0,7.6,5,2.6,Delayed,Land acquisition,Land Acquisition Task Force,Successful
HIST-00977,Jharkhand Transmission Line Augmentation - Phase 3,Power,Jharkhand,226.1,232.7,34,7,7.7,4.5,4,2,0,0,0,0,3.2,0,4.1,Under Review,No material delay,No Major Intervention,Not Applicable
HIST-00978,Maharashtra Metro Rail Extension - Phase 3,Railways,Maharashtra,76.0,76.0,46,32,73.3,72.5,15,0,0,0,0,0,4.5,0,3.5,Under Review,No material delay,No Major Intervention,Not Applicable
HIST-00979,Karnataka Runway Expansion Project - Phase 1,Airports,Karnataka,515.8,527.7,52,65,100.0,96.3,12,0,0,0,0,0,-2.2,0,2.8,Completed,No material delay,No Major Intervention,Not Applicable
HIST-00980,Andhra Pradesh Rail Line Doubling - Phase 2,Railways,Andhra Pradesh,157.7,165.2,60,14,22.4,35.0,13,0,0,0,0,0,-6.3,4,4.1,Under Review,Other execution delay,No Major Intervention,Not Applicable
HIST-00981,Maharashtra River Interlinking Scheme - Phase 3,Water Resources,Maharashtra,242.3,250.2,59,15,24.7,14.5,15,1,0,0,0,0,5.6,1,3.0,Under Review,No material delay,No Major Intervention,Not Applicable
HIST-00982,Gujarat Runway Expansion Project - Phase 3,Airports,Gujarat,797.2,962.0,39,71,100.0,100.0,11,4,0,0,0,1,16.6,7,18.6,Delayed,Milestone slippage,Contractor Replacement,Partially Successful
HIST-00983,Bihar Ring Road Development - Phase 3,Roads,Bihar,2135.0,2281.6,13,52,100.0,84.3,5,1,0,1,0,0,8.2,5,4.3,Delayed,Pending clearance,Inter-Department Coordination,Successful
HIST-00984,Kerala Railway Electrification Project - Phase 2,Railways,Kerala,112.6,118.2,26,44,92.8,72.9,6,1,1,0,0,0,3.1,1,4.6,Completed,No material delay,No Major Intervention,Not Applicable
HIST-00985,Rajasthan Runway Expansion Project - Phase 1,Airports,Rajasthan,181.5,181.5,40,40,91.2,86.7,9,2,0,0,0,0,0.5,0,1.2,Under Review,No material delay,No Major Intervention,Not Applicable
HIST-00986,Gujarat Urban Renewal Mission - Phase 1,Urban Development,Gujarat,52.7,52.7,47,17,42.2,36.5,12,0,0,0,0,0,-0.2,1,1.0,Under Review,No material delay,No Major Intervention,Not Applicable
HIST-00987,Uttar Pradesh National Highway Widening - Phase 2,Roads,Uttar Pradesh,186.1,209.1,68,63,97.6,100.0,18,1,1,0,1,0,3.7,6,12.8,Delayed,Land acquisition,Milestone Restructuring,No Significant Improvement
HIST-00988,Haryana Affordable Housing Scheme - Phase 3,Urban Development,Haryana,1029.9,1209.0,66,75,77.7,87.8,19,1,1,1,0,0,10.0,7,18.1,Delayed,Land acquisition,Land Acquisition Task Force,No Significant Improvement
HIST-00989,West Bengal Airport Terminal Development - Phase 3,Airports,West Bengal,268.2,292.7,16,74,100.0,100.0,4,1,1,0,0,0,-5.0,8,9.8,Delayed,Land acquisition,Land Acquisition Task Force,No Significant Improvement
HIST-00990,Karnataka Thermal Power Plant Modernisation - Phase 1,Power,Karnataka,184.7,193.0,66,10,16.6,13.2,17,1,0,0,0,0,1.4,1,7.3,Under Review,No material delay,No Major Intervention,Not Applicable
HIST-00991,Karnataka Dam Rehabilitation Project - Phase 3,Water Resources,Karnataka,511.2,583.4,29,23,89.8,91.2,7,0,1,1,0,1,8.6,6,14.3,Under Review,Land acquisition,Land Acquisition Task Force,No Significant Improvement
HIST-00992,Maharashtra Sewerage Network Upgrade - Phase 3,Urban Development,Maharashtra,91.9,106.9,34,83,100.0,100.0,8,1,1,1,0,0,5.8,10,14.0,Delayed,Land acquisition,Milestone Restructuring,Partially Successful
HIST-00993,Kerala Airport Terminal Development - Phase 1,Airports,Kerala,146.1,146.5,48,77,100.0,100.0,11,0,0,0,0,0,2.4,1,1.9,Completed,No material delay,No Major Intervention,Not Applicable
HIST-00994,Andhra Pradesh Affordable Housing Scheme - Phase 2,Urban Development,Andhra Pradesh,195.5,222.0,40,13,48.5,53.5,8,0,0,1,1,1,-2.9,2,11.6,Under Review,Contractor performance,Additional Funding Approval,No Significant Improvement
HIST-00995,Rajasthan Irrigation Canal Modernisation - Phase 3,Water Resources,Rajasthan,69.8,71.4,41,14,23.7,23.9,10,1,0,1,0,0,-1.4,2,2.3,Delayed,Pending clearance,Inter-Department Coordination,Partially Successful
HIST-00996,Karnataka Ring Road Development - Phase 1,Roads,Karnataka,704.0,730.1,21,31,100.0,97.8,6,1,0,0,0,0,-3.9,0,2.2,Completed,No material delay,No Major Intervention,Not Applicable
HIST-00997,Tamil Nadu Expressway Corridor - Phase 2,Roads,Tamil Nadu,379.8,431.7,30,71,100.0,100.0,9,0,1,1,1,0,0.5,1,8.8,Completed with Cost Overrun,No material delay,Land Acquisition Task Force,Partially Successful
HIST-00998,Maharashtra Transmission Line Augmentation - Phase 3,Power,Maharashtra,545.3,578.7,65,6,9.4,0.0,15,0,1,0,0,0,6.5,0,6.9,Under Review,No material delay,No Major Intervention,Not Applicable
HIST-00999,Kerala Runway Expansion Project - Phase 1,Airports,Kerala,46.5,48.0,41,8,34.2,16.9,9,0,0,0,0,0,14.1,0,4.7,Completed,No material delay,No Major Intervention,Not Applicable
HIST-01000,Tamil Nadu Airport Terminal Development - Phase 2,Airports,Tamil Nadu,96.4,100.3,57,48,90.1,81.8,15,2,0,0,0,1,-0.2,3,3.5,Delayed,Milestone slippage,Contractor Replacement,Successful
HIST-01001,Kerala Airport Terminal Development - Phase 2,Airports,Kerala,339.2,339.2,37,65,100.0,100.0,10,1,0,0,0,0,-1.1,1,0.0,Completed,No material delay,No Major Intervention,Not Applicable
HIST-01002,West Bengal Transmission Line Augmentation - Phase 1,Power,West Bengal,259.6,281.2,65,67,96.5,83.6,15,0,1,1,0,1,-6.3,6,5.4,Delayed,Land acquisition,Land Acquisition Task Force,Partially Successful
HIST-01003,Andhra Pradesh Substation Capacity Expansion - Phase 2,Power,Andhra Pradesh,356.0,370.8,40,62,84.3,74.5,13,3,0,0,0,0,9.0,1,3.9,Completed,No material delay,No Major Intervention,Not Applicable
HIST-01004,Odisha Solar Power Park - Phase 2,Power,Odisha,337.5,353.1,52,28,45.9,51.8,15,0,0,0,0,0,-3.8,1,3.1,Under Review,No material delay,No Major Intervention,Not Applicable
HIST-01005,Jharkhand Solar Power Park - Phase 2,Power,Jharkhand,65.2,66.6,61,9,8.1,0.0,13,2,0,0,0,0,6.6,6,1.9,Under Review,Milestone slippage,No Major Intervention,Not Applicable
HIST-01006,Telangana Sewerage Network Upgrade - Phase 3,Urban Development,Telangana,250.8,260.6,28,49,100.0,100.0,7,0,0,0,0,0,4.1,1,3.4,Completed,No material delay,Land Acquisition Task Force,Partially Successful
HIST-01007,Maharashtra Urban Renewal Mission - Phase 1,Urban Development,Maharashtra,724.1,738.2,31,58,100.0,88.0,9,0,0,0,0,1,2.2,0,0.0,Completed,No material delay,Contractor Replacement,Successful
HIST-01008,Gujarat Freight Corridor Development - Phase 2,Railways,Gujarat,339.4,349.5,35,11,38.5,35.8,9,0,1,0,0,0,0.1,1,2.9,Under Review,No material delay,No Major Intervention,Not Applicable
HIST-01009,Karnataka Expressway Corridor - Phase 3,Roads,Karnataka,48.7,50.2,66,48,63.4,65.5,16,1,0,0,1,0,-4.1,0,4.5,Under Review,No material delay,Additional Funding Approval,Partially Successful
HIST-01010,Uttar Pradesh National Highway Widening - Phase 1,Roads,Uttar Pradesh,138.2,154.6,51,50,91.0,90.2,10,2,1,0,0,0,3.9,9,12.2,Delayed,Land acquisition,No Major Intervention,Not Applicable
HIST-01011,Andhra Pradesh Transmission Line Augmentation - Phase 2,Power,Andhra Pradesh,587.1,649.3,53,26,44.2,53.2,13,3,0,0,0,1,10.6,8,9.5,Under Review,Milestone slippage,Contractor Replacement,Partially Successful
HIST-01012,Uttar Pradesh Sewerage Network Upgrade - Phase 1,Urban Development,Uttar Pradesh,143.9,148.6,39,21,49.4,53.5,9,0,0,0,0,0,-2.3,1,4.5,Completed,No material delay,No Major Intervention,Not Applicable
HIST-01013,Haryana Port Connectivity Corridor - Phase 2,Ports,Haryana,279.0,279.0,63,79,100.0,96.2,14,0,1,0,0,0,-1.2,1,0.6,Completed,No material delay,No Major Intervention,Not Applicable
HIST-01014,Gujarat Smart City Development - Phase 2,Urban Development,Gujarat,177.0,181.4,59,19,39.8,35.8,13,2,0,0,0,0,-5.1,2,0.9,Under Review,Milestone slippage,No Major Intervention,Not Applicable
HIST-01015,Gujarat Freight Corridor Development - Phase 2,Railways,Gujarat,221.9,237.5,36,29,74.5,81.5,10,3,0,1,0,0,4.8,1,5.5,Completed with Cost Overrun,No material delay,Milestone Restructuring,Successful
HIST-01016,Karnataka Transmission Line Augmentation - Phase 3,Power,Karnataka,359.5,379.5,64,88,100.0,98.0,14,1,0,0,1,0,2.3,0,5.7,Completed with Cost Overrun,No material delay,Additional Funding Approval,Partially Successful
HIST-01017,Gujarat Smart City Development - Phase 3,Urban Development,Gujarat,347.4,347.4,60,61,92.4,90.4,13,0,0,0,0,0,4.7,1,0.0,Completed,No material delay,No Major Intervention,Not Applicable
HIST-01018,Karnataka Thermal Power Plant Modernisation - Phase 2,Power,Karnataka,584.3,637.4,34,49,100.0,100.0,9,0,0,0,1,0,1.3,0,9.2,Completed with Cost Overrun,No material delay,Additional Funding Approval,No Significant Improvement
HIST-01019,Odisha State Highway Upgradation - Phase 3,Roads,Odisha,386.4,396.1,58,36,58.2,80.6,12,2,0,0,0,0,13.1,0,1.6,Completed,No material delay,No Major Intervention,Not Applicable
HIST-01020,West Bengal Ring Road Development - Phase 1,Roads,West Bengal,93.4,105.5,43,40,100.0,100.0,11,1,1,1,0,0,3.4,0,11.4,Completed with Cost Overrun,No material delay,Land Acquisition Task Force,Partially Successful
HIST-01021,Uttar Pradesh National Highway Widening - Phase 1,Roads,Uttar Pradesh,87.8,92.3,31,75,100.0,100.0,6,0,0,0,0,0,-4.1,0,5.3,Completed with Cost Overrun,No material delay,No Major Intervention,Not Applicable
HIST-01022,Tamil Nadu River Interlinking Scheme - Phase 2,Water Resources,Tamil Nadu,77.9,87.3,14,79,100.0,86.0,4,0,1,0,1,0,0.7,0,6.2,Completed with Cost Overrun,No material delay,Additional Funding Approval,Successful
HIST-01023,Bihar Container Yard Development - Phase 3,Ports,Bihar,193.1,209.9,52,11,32.9,32.0,13,2,0,0,0,1,3.7,4,7.4,Under Review,Milestone slippage,Contractor Replacement,No Significant Improvement
HIST-01024,Jharkhand Smart City Development - Phase 1,Urban Development,Jharkhand,342.6,358.4,22,11,48.1,63.5,4,0,0,0,0,0,-0.2,0,4.7,Under Review,No material delay,No Major Intervention,Not Applicable
HIST-01025,Bihar Expressway Corridor - Phase 1,Roads,Bihar,110.4,113.4,27,55,100.0,94.4,8,0,1,0,0,0,-6.3,4,2.9,Delayed,Land acquisition,Land Acquisition Task Force,Successful
HIST-01026,Haryana Sewerage Network Upgrade - Phase 2,Urban Development,Haryana,128.4,140.7,26,84,95.0,100.0,4,1,1,1,0,0,-3.1,0,6.0,Completed with Cost Overrun,No material delay,Inter-Department Coordination,Successful
HIST-01027,Madhya Pradesh Port Connectivity Corridor - Phase 1,Ports,Madhya Pradesh,255.1,261.7,27,40,94.8,100.0,5,0,1,1,0,0,-3.6,1,3.2,Completed,No material delay,Inter-Department Coordination,Partially Successful
HIST-01028,Telangana Expressway Corridor - Phase 2,Roads,Telangana,108.3,118.6,12,73,99.3,95.9,4,1,1,0,0,0,6.9,10,9.3,Delayed,Land acquisition,Milestone Restructuring,No Significant Improvement
HIST-01029,Telangana Transmission Line Augmentation - Phase 2,Power,Telangana,154.2,160.5,40,46,98.4,100.0,11,1,0,0,0,0,-3.9,2,4.6,Delayed,Other execution delay,No Major Intervention,Not Applicable
HIST-01030,Maharashtra Smart City Development - Phase 1,Urban Development,Maharashtra,273.9,274.1,39,53,100.0,100.0,9,1,0,0,0,0,7.1,0,2.0,Completed,No material delay,No Major Intervention,Not Applicable
HIST-01031,Bihar Solar Power Park - Phase 1,Power,Bihar,89.9,89.9,57,36,65.0,73.1,12,0,0,0,0,0,-0.4,0,0.0,Under Review,No material delay,No Major Intervention,Not Applicable
HIST-01032,West Bengal Airport Cargo Complex - Phase 2,Airports,West Bengal,297.0,325.2,44,8,12.8,14.9,9,3,0,0,0,0,12.0,0,5.8,Under Review,No material delay,Milestone Restructuring,Partially Successful
HIST-01033,Odisha Expressway Corridor - Phase 2,Roads,Odisha,350.0,411.9,51,68,90.5,82.8,16,3,1,0,0,0,0.6,7,14.4,Delayed,Land acquisition,Land Acquisition Task Force,Partially Successful
HIST-01034,Bihar Airport Cargo Complex - Phase 3,Airports,Bihar,509.3,540.8,27,28,100.0,97.3,6,2,1,0,0,0,1.5,14,7.4,Delayed,Land acquisition,Land Acquisition Task Force,No Significant Improvement
HIST-01035,Maharashtra Container Yard Development - Phase 1,Ports,Maharashtra,163.3,163.3,59,33,58.5,56.5,12,1,0,0,0,0,3.8,0,0.4,Under Review,No material delay,No Major Intervention,Not Applicable
HIST-01036,Maharashtra Substation Capacity Expansion - Phase 1,Power,Maharashtra,264.4,295.2,43,11,19.2,21.4,8,2,1,0,0,1,2.8,9,9.5,Under Review,Land acquisition,Land Acquisition Task Force,Partially Successful
HIST-01037,West Bengal Thermal Power Plant Modernisation - Phase 3,Power,West Bengal,109.9,110.7,30,26,81.9,99.0,9,2,0,0,0,0,-5.6,0,1.3,Completed,No material delay,No Major Intervention,Not Applicable
HIST-01038,Bihar Ring Road Development - Phase 2,Roads,Bihar,191.8,201.0,47,59,100.0,95.8,13,1,1,0,0,0,0.1,7,6.1,Delayed,Land acquisition,Land Acquisition Task Force,No Significant Improvement
HIST-01039,Uttar Pradesh Expressway Corridor - Phase 3,Roads,Uttar Pradesh,226.1,232.2,42,82,95.9,90.4,12,0,1,0,0,0,-0.6,0,4.1,Completed,No material delay,No Major Intervention,Not Applicable
HIST-01040,Madhya Pradesh Container Yard Development - Phase 1,Ports,Madhya Pradesh,305.5,335.6,25,27,91.5,98.1,6,1,1,1,0,0,2.2,6,4.5,Delayed,Land acquisition,Land Acquisition Task Force,Successful
HIST-01041,Telangana Airport Cargo Complex - Phase 3,Airports,Telangana,197.3,197.3,43,52,95.0,91.1,10,0,0,0,0,0,3.6,1,0.0,Completed,No material delay,No Major Intervention,Not Applicable
HIST-01042,Bihar Airport Cargo Complex - Phase 3,Airports,Bihar,326.1,326.1,56,62,100.0,100.0,17,0,0,0,0,0,-4.6,0,0.0,Completed,No material delay,No Major Intervention,Not Applicable
HIST-01043,Andhra Pradesh Expressway Corridor - Phase 3,Roads,Andhra Pradesh,405.9,424.3,40,88,100.0,93.6,13,1,1,0,0,0,4.9,1,3.0,Completed,No material delay,No Major Intervention,Not Applicable
HIST-01044,Telangana Affordable Housing Scheme - Phase 1,Urban Development,Telangana,219.9,229.2,56,13,16.4,15.5,17,1,0,0,1,0,2.3,0,2.9,Under Review,No material delay,Additional Funding Approval,No Significant Improvement
HIST-01045,Rajasthan Expressway Corridor - Phase 2,Roads,Rajasthan,187.5,188.7,35,13,48.5,42.4,4,0,0,0,0,0,3.1,1,0.6,Under Review,No material delay,No Major Intervention,Not Applicable
HIST-01046,Andhra Pradesh Metro Rail Extension - Phase 3,Railways,Andhra Pradesh,249.7,283.4,58,38,51.7,37.6,12,1,0,1,1,0,3.5,1,12.9,Under Review,No material delay,Additional Funding Approval,No Significant Improvement
HIST-01047,Kerala Container Yard Development - Phase 1,Ports,Kerala,30.0,32.0,12,19,93.9,99.7,4,1,0,0,0,0,3.5,0,4.6,Completed,No material delay,No Major Intervention,Not Applicable
HIST-01048,Rajasthan National Highway Widening - Phase 3,Roads,Rajasthan,2543.8,2762.5,52,75,97.8,95.6,14,0,1,1,0,0,0.1,1,3.1,Completed,No material delay,Inter-Department Coordination,Successful
HIST-01049,Gujarat State Highway Upgradation - Phase 3,Roads,Gujarat,74.1,78.6,50,20,33.9,46.2,11,2,0,0,0,0,6.4,8,5.7,Under Review,Milestone slippage,No Major Intervention,Not Applicable
HIST-01050,Jharkhand Metro Rail Extension - Phase 3,Railways,Jharkhand,328.4,364.7,60,54,85.3,95.2,17,0,0,0,1,1,0.5,2,10.8,Delayed,Contractor performance,Additional Funding Approval,Partially Successful
HIST-01051,Bihar Expressway Corridor - Phase 2,Roads,Bihar,403.1,413.4,21,25,100.0,100.0,5,0,1,0,0,0,2.2,0,3.7,Completed,No material delay,No Major Intervention,Not Applicable
HIST-01052,West Bengal Thermal Power Plant Modernisation - Phase 2,Power,West Bengal,268.5,268.5,45,78,97.0,84.6,11,0,0,0,0,0,13.8,3,0.0,Delayed,Other execution delay,No Major Intervention,Not Applicable
HIST-01053,Kerala Airport Terminal Development - Phase 2,Airports,Kerala,279.8,286.1,66,53,78.6,82.2,18,0,0,1,0,0,2.9,0,5.0,Completed,No material delay,No Major Intervention,Not Applicable
HIST-01054,Kerala Urban Renewal Mission - Phase 1,Urban Development,Kerala,597.9,632.9,48,87,100.0,100.0,11,0,0,1,0,0,0.3,0,6.7,Completed with Cost Overrun,No material delay,No Major Intervention,Not Applicable
HIST-01055,Bihar Thermal Power Plant Modernisation - Phase 1,Power,Bihar,101.1,106.2,32,45,100.0,100.0,8,0,0,0,0,0,3.8,2,4.2,Delayed,Other execution delay,No Major Intervention,Not Applicable
HIST-01056,Haryana Freight Corridor Development - Phase 3,Railways,Haryana,437.6,481.7,75,44,50.6,38.7,17,1,0,0,1,0,6.3,7,8.4,Delayed,Funding release,Additional Funding Approval,Partially Successful
HIST-01057,Odisha Water Supply Augmentation - Phase 3,Water Resources,Odisha,380.9,439.8,46,70,99.2,95.1,11,0,1,1,1,0,5.9,6,12.3,Delayed,Land acquisition,Milestone Restructuring,Partially Successful
HIST-01058,Gujarat Airport Terminal Development - Phase 1,Airports,Gujarat,209.8,216.1,12,66,94.5,88.4,4,0,0,0,1,0,2.3,2,1.6,Delayed,Funding release,Additional Funding Approval,Partially Successful
HIST-01059,Tamil Nadu Sewerage Network Upgrade - Phase 2,Urban Development,Tamil Nadu,77.4,78.5,46,60,97.9,97.6,12,0,0,1,0,0,0.3,1,1.3,Completed,No material delay,Inter-Department Coordination,Partially Successful
HIST-01060,Jharkhand Solar Power Park - Phase 3,Power,Jharkhand,430.3,475.4,23,81,100.0,100.0,9,1,0,1,0,0,8.0,3,5.6,Delayed,Pending clearance,Inter-Department Coordination,Successful
HIST-01061,Maharashtra Expressway Corridor - Phase 1,Roads,Maharashtra,569.0,617.8,30,46,100.0,91.6,8,1,1,1,0,0,3.8,0,5.5,Completed with Cost Overrun,No material delay,Inter-Department Coordination,Successful
HIST-01062,Maharashtra Metro Rail Extension - Phase 3,Railways,Maharashtra,90.5,93.5,44,54,100.0,100.0,14,0,0,1,0,0,-5.7,0,4.4,Completed,No material delay,No Major Intervention,Not Applicable
HIST-01063,West Bengal Dam Rehabilitation Project - Phase 1,Water Resources,West Bengal,143.2,144.0,30,7,17.6,13.1,8,0,0,0,0,0,-0.7,0,0.0,Under Review,No material delay,No Major Intervention,Not Applicable
HIST-01064,Telangana Solar Power Park - Phase 2,Power,Telangana,256.6,261.1,42,21,32.8,35.7,12,1,0,0,0,0,8.8,0,0.7,Under Review,No material delay,No Major Intervention,Not Applicable
HIST-01065,Telangana Smart City Development - Phase 2,Urban Development,Telangana,151.1,153.2,75,10,9.3,15.1,22,1,0,0,0,0,-4.3,0,1.4,Under Review,No material delay,Additional Funding Approval,No Significant Improvement
HIST-01066,Tamil Nadu Port Terminal Expansion - Phase 2,Ports,Tamil Nadu,266.4,287.4,29,45,100.0,92.9,4,1,1,1,0,0,1.9,0,7.3,Completed with Cost Overrun,No material delay,Inter-Department Coordination,No Significant Improvement
HIST-01067,Karnataka National Highway Widening - Phase 2,Roads,Karnataka,153.6,160.2,25,31,96.7,97.7,9,1,0,1,0,0,2.3,0,6.8,Completed with Cost Overrun,No material delay,No Major Intervention,Not Applicable
HIST-01068,Gujarat Affordable Housing Scheme - Phase 1,Urban Development,Gujarat,573.0,613.9,65,16,36.7,24.8,19,1,0,0,1,0,3.8,0,6.7,Under Review,No material delay,Additional Funding Approval,No Significant Improvement
HIST-01069,Odisha State Highway Upgradation - Phase 2,Roads,Odisha,686.7,816.9,23,20,95.8,100.0,5,1,1,0,1,0,-5.0,2,10.7,Under Review,Land acquisition,Land Acquisition Task Force,Successful
HIST-01070,Odisha Affordable Housing Scheme - Phase 1,Urban Development,Odisha,426.1,461.4,30,56,100.0,87.2,4,0,0,0,1,0,1.6,1,4.5,Completed,No material delay,Additional Funding Approval,Successful
HIST-01071,West Bengal Freight Corridor Development - Phase 1,Railways,West Bengal,309.4,309.4,18,25,92.4,86.3,6,0,1,0,0,0,-1.1,1,0.0,Completed,No material delay,No Major Intervention,Not Applicable
HIST-01072,Maharashtra Dam Rehabilitation Project - Phase 1,Water Resources,Maharashtra,571.6,571.6,63,68,99.2,97.2,15,0,0,1,0,0,3.4,1,1.1,Completed,No material delay,No Major Intervention,Not Applicable
HIST-01073,Maharashtra Airport Terminal Development - Phase 3,Airports,Maharashtra,281.0,304.2,63,13,26.0,16.0,19,1,1,0,0,0,0.9,0,4.1,Under Review,No material delay,Inter-Department Coordination,Successful
HIST-01074,Andhra Pradesh Solar Power Park - Phase 2,Power,Andhra Pradesh,460.1,467.5,31,28,95.6,100.0,7,0,0,0,0,0,-2.9,0,0.0,Under Review,No material delay,No Major Intervention,Not Applicable
HIST-01075,West Bengal Transmission Line Augmentation - Phase 2,Power,West Bengal,75.8,78.9,30,87,100.0,100.0,4,0,0,0,0,0,9.4,4,4.6,Delayed,Other execution delay,No Major Intervention,Not Applicable
HIST-01076,Andhra Pradesh Airport Terminal Development - Phase 2,Airports,Andhra Pradesh,625.8,625.8,79,77,84.7,83.9,19,2,0,0,0,0,-0.2,4,0.3,Delayed,Milestone slippage,No Major Intervention,Not Applicable
HIST-01077,Telangana Dam Rehabilitation Project - Phase 3,Water Resources,Telangana,219.7,242.4,35,15,50.2,68.7,10,1,1,1,0,0,0.9,7,9.5,Under Review,Land acquisition,Land Acquisition Task Force,Partially Successful
HIST-01078,Kerala Ring Road Development - Phase 2,Roads,Kerala,625.8,670.2,47,64,98.3,92.8,8,2,1,0,0,0,-1.1,3,4.3,Delayed,Land acquisition,Land Acquisition Task Force,Successful
HIST-01079,Gujarat Thermal Power Plant Modernisation - Phase 2,Power,Gujarat,324.8,338.3,54,83,100.0,100.0,14,0,0,0,0,0,9.8,0,3.6,Under Review,No material delay,No Major Intervention,Not Applicable
HIST-01080,Haryana River Interlinking Scheme - Phase 1,Water Resources,Haryana,493.7,518.2,66,56,92.4,77.1,15,1,1,0,0,0,-1.3,10,4.8,Delayed,Land acquisition,Land Acquisition Task Force,No Significant Improvement
HIST-01081,Rajasthan Railway Electrification Project - Phase 2,Railways,Rajasthan,646.7,665.2,33,21,64.2,75.8,4,0,1,1,0,0,-1.7,6,4.1,Delayed,Land acquisition,Land Acquisition Task Force,No Significant Improvement
HIST-01082,Kerala Container Yard Development - Phase 1,Ports,Kerala,111.6,114.0,58,53,90.6,87.7,16,1,0,0,0,0,-1.3,0,1.2,Completed,No material delay,No Major Intervention,Not Applicable
HIST-01083,Haryana Thermal Power Plant Modernisation - Phase 2,Power,Haryana,423.5,493.2,43,74,90.8,84.1,6,0,1,1,1,0,5.8,3,8.0,Delayed,Land acquisition,Land Acquisition Task Force,Successful
HIST-01084,West Bengal Smart City Development - Phase 1,Urban Development,West Bengal,206.2,215.6,37,30,79.4,70.2,10,1,0,0,0,0,1.6,1,5.2,Under Review,No material delay,No Major Intervention,Not Applicable
HIST-01085,West Bengal Dam Rehabilitation Project - Phase 1,Water Resources,West Bengal,289.3,324.1,55,48,73.0,67.4,15,2,0,0,0,1,5.1,2,7.5,Delayed,Milestone slippage,Contractor Replacement,Successful
HIST-01086,Karnataka Water Supply Augmentation - Phase 1,Water Resources,Karnataka,38.9,40.2,40,50,95.4,100.0,11,0,1,1,0,0,-1.7,0,0.4,Completed,No material delay,Inter-Department Coordination,Successful
HIST-01087,Maharashtra Port Connectivity Corridor - Phase 3,Ports,Maharashtra,352.7,362.5,40,31,66.5,70.3,8,1,0,0,0,0,4.3,0,3.1,Under Review,No material delay,No Major Intervention,Not Applicable
HIST-01088,Bihar Ring Road Development - Phase 3,Roads,Bihar,840.3,891.2,56,42,85.0,95.3,15,1,1,0,0,0,1.1,1,5.2,Completed with Cost Overrun,No material delay,No Major Intervention,Not Applicable
HIST-01089,Maharashtra Irrigation Canal Modernisation - Phase 3,Water Resources,Maharashtra,472.7,552.0,44,80,90.9,90.2,10,2,0,1,1,0,15.3,3,8.8,Delayed,Milestone slippage,Additional Funding Approval,Successful
HIST-01090,Bihar National Highway Widening - Phase 1,Roads,Bihar,337.6,342.1,44,27,54.6,52.3,12,0,0,0,0,0,0.0,0,1.4,Under Review,No material delay,No Major Intervention,Not Applicable
HIST-01091,Kerala Thermal Power Plant Modernisation - Phase 1,Power,Kerala,74.2,75.8,55,48,89.8,80.0,12,0,0,0,0,0,0.9,0,3.4,Completed,No material delay,No Major Intervention,Not Applicable
HIST-01092,Maharashtra National Highway Widening - Phase 3,Roads,Maharashtra,566.8,566.8,57,66,100.0,92.3,12,0,0,1,0,0,-2.5,3,0.0,Delayed,Pending clearance,Contractor Replacement,Partially Successful
HIST-01093,Haryana Thermal Power Plant Modernisation - Phase 2,Power,Haryana,1000.1,1104.7,56,82,90.6,93.5,14,1,0,0,0,0,9.6,0,9.9,Completed with Cost Overrun,No material delay,No Major Intervention,Not Applicable
HIST-01094,Maharashtra State Highway Upgradation - Phase 1,Roads,Maharashtra,284.4,297.5,28,71,95.0,100.0,10,0,0,1,1,0,6.8,2,1.4,Delayed,Funding release,Additional Funding Approval,Successful
HIST-01095,Rajasthan Port Connectivity Corridor - Phase 3,Ports,Rajasthan,122.1,142.3,59,22,53.8,42.1,15,1,1,0,1,1,3.4,0,14.7,Under Review,No material delay,Additional Funding Approval,Partially Successful
HIST-01096,West Bengal Rail Line Doubling - Phase 1,Railways,West Bengal,25.0,28.6,36,83,94.2,96.2,6,1,1,1,0,0,6.8,0,8.2,Completed with Cost Overrun,No material delay,Inter-Department Coordination,Successful
HIST-01097,Jharkhand Transmission Line Augmentation - Phase 2,Power,Jharkhand,56.5,58.3,22,32,89.8,91.7,4,2,0,0,0,1,2.4,0,1.0,Under Review,No material delay,Contractor Replacement,Partially Successful
HIST-01098,Madhya Pradesh Railway Electrification Project - Phase 3,Railways,Madhya Pradesh,89.3,94.3,48,61,100.0,96.1,12,1,1,0,0,0,8.0,6,5.5,Delayed,Land acquisition,Land Acquisition Task Force,Partially Successful
HIST-01099,Rajasthan Metro Rail Extension - Phase 2,Railways,Rajasthan,548.3,571.5,61,57,100.0,100.0,15,0,1,0,0,0,0.6,4,3.9,Delayed,Land acquisition,Land Acquisition Task Force,Partially Successful
HIST-01100,Uttar Pradesh Expressway Corridor - Phase 2,Roads,Uttar Pradesh,113.5,117.8,18,13,71.1,68.7,4,0,0,0,0,0,-1.4,3,2.9,Under Review,Other execution delay,No Major Intervention,Not Applicable
HIST-01101,Haryana Runway Expansion Project - Phase 2,Airports,Haryana,520.6,601.9,82,79,93.0,95.2,21,2,0,1,0,1,7.9,0,8.1,Completed with Cost Overrun,No material delay,Contractor Replacement,Successful
HIST-01102,Rajasthan Thermal Power Plant Modernisation - Phase 2,Power,Rajasthan,160.1,162.5,41,15,36.3,12.3,7,0,0,0,0,0,-0.1,0,2.0,Under Review,No material delay,No Major Intervention,Not Applicable
HIST-01103,Gujarat Irrigation Canal Modernisation - Phase 1,Water Resources,Gujarat,314.9,342.1,50,89,100.0,100.0,13,0,1,0,0,0,11.3,5,9.1,Delayed,Land acquisition,Land Acquisition Task Force,No Significant Improvement
HIST-01104,Kerala Airport Cargo Complex - Phase 1,Airports,Kerala,111.9,120.7,42,51,95.9,88.2,6,2,0,0,0,0,7.8,1,7.5,Under Review,No material delay,No Major Intervention,Not Applicable
HIST-01105,Telangana Freight Corridor Development - Phase 2,Railways,Telangana,448.3,460.9,38,15,27.3,20.2,9,1,0,0,0,0,-1.8,1,2.2,Under Review,No material delay,No Major Intervention,Not Applicable
HIST-01106,Bihar National Highway Widening - Phase 1,Roads,Bihar,619.9,636.0,53,76,100.0,85.8,14,0,0,0,0,0,-2.4,0,2.6,Completed,No material delay,No Major Intervention,Not Applicable
HIST-01107,Kerala Port Connectivity Corridor - Phase 2,Ports,Kerala,939.7,1071.5,37,22,68.0,72.8,7,2,1,0,0,1,7.0,9,13.2,Under Review,Land acquisition,Land Acquisition Task Force,No Significant Improvement
HIST-01108,Gujarat Substation Capacity Expansion - Phase 3,Power,Gujarat,694.4,783.5,24,20,79.4,70.6,7,3,0,0,0,1,11.1,5,10.5,Delayed,Milestone slippage,Contractor Replacement,Partially Successful
HIST-01109,Kerala Railway Electrification Project - Phase 1,Railways,Kerala,34.6,39.7,40,48,100.0,89.4,11,1,1,1,0,0,7.5,5,10.5,Under Review,Land acquisition,Land Acquisition Task Force,Successful
HIST-01110,Andhra Pradesh Substation Capacity Expansion - Phase 3,Power,Andhra Pradesh,300.0,308.4,27,48,100.0,97.3,9,1,0,0,0,0,6.9,1,4.3,Completed,No material delay,No Major Intervention,Not Applicable
HIST-01111,Tamil Nadu Railway Electrification Project - Phase 2,Railways,Tamil Nadu,95.3,109.9,45,81,92.4,80.9,11,3,0,1,0,1,19.1,10,13.6,Delayed,Milestone slippage,Contractor Replacement,Partially Successful
HIST-01112,Haryana Dam Rehabilitation Project - Phase 1,Water Resources,Haryana,112.2,129.4,26,73,100.0,100.0,8,1,1,0,0,0,9.7,6,12.1,Delayed,Land acquisition,Land Acquisition Task Force,Partially Successful
HIST-01113,Tamil Nadu National Highway Widening - Phase 1,Roads,Tamil Nadu,917.8,952.7,49,21,44.4,46.5,11,0,0,0,0,0,-2.9,6,4.1,Under Review,Other execution delay,No Major Intervention,Not Applicable
HIST-01114,Telangana Airport Terminal Development - Phase 3,Airports,Telangana,237.3,276.5,48,74,100.0,100.0,11,1,1,0,1,0,0.5,0,9.2,Completed with Cost Overrun,No material delay,Additional Funding Approval,Successful
HIST-01115,Kerala Affordable Housing Scheme - Phase 1,Urban Development,Kerala,179.9,187.5,43,12,29.1,32.7,11,1,0,0,0,0,4.7,0,5.9,Under Review,No material delay,No Major Intervention,Not Applicable
HIST-01116,Uttar Pradesh Airport Terminal Development - Phase 2,Airports,Uttar Pradesh,128.6,131.2,74,12,25.0,18.4,19,0,0,0,0,0,-3.2,0,1.5,Completed,No material delay,No Major Intervention,Not Applicable
HIST-01117,Bihar Port Terminal Expansion - Phase 3,Ports,Bihar,172.8,205.8,47,17,48.8,56.9,8,2,1,0,1,1,3.5,1,18.1,Under Review,No material delay,Additional Funding Approval,No Significant Improvement
HIST-01118,Haryana Container Yard Development - Phase 2,Ports,Haryana,1526.0,1682.2,26,28,100.0,99.6,8,1,1,0,0,0,6.3,7,9.2,Delayed,Land acquisition,Land Acquisition Task Force,Partially Successful
HIST-01119,Odisha Metro Rail Extension - Phase 3,Railways,Odisha,449.8,498.0,35,73,100.0,100.0,7,0,1,0,0,0,4.2,7,9.9,Delayed,Land acquisition,Land Acquisition Task Force,Partially Successful
HIST-01120,Karnataka Container Yard Development - Phase 3,Ports,Karnataka,120.0,122.3,32,41,100.0,95.1,9,1,1,0,0,0,5.1,1,2.9,Completed,No material delay,No Major Intervention,Not Applicable
HIST-01121,Rajasthan Water Supply Augmentation - Phase 1,Water Resources,Rajasthan,634.0,692.5,68,27,40.3,30.0,19,1,0,0,1,0,8.3,0,6.9,Under Review,No material delay,Additional Funding Approval,Partially Successful
HIST-01122,Odisha Affordable Housing Scheme - Phase 1,Urban Development,Odisha,239.3,248.4,33,81,98.6,100.0,8,0,1,0,1,0,-4.9,7,3.0,Delayed,Land acquisition,Land Acquisition Task Force,Partially Successful
HIST-01123,Tamil Nadu Sewerage Network Upgrade - Phase 3,Urban Development,Tamil Nadu,502.6,534.1,63,27,40.8,26.4,18,1,0,0,0,0,13.9,0,6.0,Under Review,No material delay,No Major Intervention,Not Applicable
HIST-01124,Jharkhand Solar Power Park - Phase 3,Power,Jharkhand,177.0,183.3,58,12,27.0,10.1,18,0,0,0,0,0,-0.1,1,3.0,Under Review,No material delay,No Major Intervention,Not Applicable
HIST-01125,Karnataka State Highway Upgradation - Phase 2,Roads,Karnataka,90.0,93.3,37,87,100.0,100.0,9,1,0,1,0,0,0.6,0,4.2,Completed,No material delay,No Major Intervention,Not Applicable
HIST-01126,Rajasthan National Highway Widening - Phase 1,Roads,Rajasthan,346.4,371.6,43,68,100.0,100.0,10,0,0,0,0,1,12.4,2,4.5,Delayed,Contractor performance,Contractor Replacement,Successful
HIST-01127,Kerala Solar Power Park - Phase 1,Power,Kerala,106.8,107.1,32,55,97.9,85.9,6,0,0,0,0,0,2.5,0,0.0,Completed,No material delay,No Major Intervention,Not Applicable
HIST-01128,Uttar Pradesh Rail Line Doubling - Phase 3,Railways,Uttar Pradesh,470.6,504.0,85,41,42.9,56.2,23,2,0,1,0,0,4.3,0,6.7,Under Review,No material delay,No Major Intervention,Not Applicable
HIST-01129,Rajasthan River Interlinking Scheme - Phase 2,Water Resources,Rajasthan,110.3,129.4,46,65,97.8,93.8,17,0,1,1,1,0,1.1,8,16.3,Delayed,Land acquisition,Land Acquisition Task Force,No Significant Improvement
HIST-01130,Kerala Ring Road Development - Phase 3,Roads,Kerala,225.3,253.4,44,83,100.0,100.0,11,0,0,0,1,0,-1.6,1,7.1,Completed with Cost Overrun,No material delay,Additional Funding Approval,Successful
HIST-01131,Andhra Pradesh Transmission Line Augmentation - Phase 2,Power,Andhra Pradesh,181.5,181.5,57,9,16.5,16.5,15,1,0,0,0,0,0.0,1,0.0,Under Review,No material delay,No Major Intervention,Not Applicable
HIST-01132,Kerala Irrigation Canal Modernisation - Phase 2,Water Resources,Kerala,309.5,322.7,30,71,95.8,100.0,7,0,1,0,0,0,-5.8,1,4.5,Completed,No material delay,No Major Intervention,Not Applicable
HIST-01133,Tamil Nadu State Highway Upgradation - Phase 2,Roads,Tamil Nadu,1092.9,1199.6,51,29,68.5,76.3,14,0,1,0,1,0,2.1,0,11.1,Completed with Cost Overrun,No material delay,Additional Funding Approval,No Significant Improvement
HIST-01134,Andhra Pradesh Urban Renewal Mission - Phase 2,Urban Development,Andhra Pradesh,56.7,58.2,52,36,76.9,76.1,12,1,0,0,0,0,-4.8,1,2.3,Completed,No material delay,No Major Intervention,Not Applicable
HIST-01135,Jharkhand Container Yard Development - Phase 2,Ports,Jharkhand,265.3,268.1,40,25,60.4,55.0,10,2,0,0,0,0,-2.3,0,2.0,Under Review,No material delay,Milestone Restructuring,Partially Successful
HIST-01136,West Bengal Port Connectivity Corridor - Phase 2,Ports,West Bengal,800.6,975.3,45,61,92.2,89.6,12,1,1,1,1,0,10.6,11,18.7,Delayed,Land acquisition,Land Acquisition Task Force,Partially Successful
HIST-01137,Kerala Smart City Development - Phase 1,Urban Development,Kerala,307.5,310.4,44,69,100.0,93.9,10,1,0,0,0,0,12.3,2,0.0,Delayed,Other execution delay,No Major Intervention,Not Applicable
HIST-01138,Andhra Pradesh National Highway Widening - Phase 3,Roads,Andhra Pradesh,276.2,278.0,28,35,100.0,98.9,5,0,1,0,0,0,-7.6,0,0.8,Completed,No material delay,No Major Intervention,Not Applicable
HIST-01139,Bihar National Highway Widening - Phase 2,Roads,Bihar,141.2,143.2,50,31,67.2,68.0,9,0,1,0,0,0,-4.3,0,1.3,Completed,No material delay,No Major Intervention,Not Applicable
HIST-01140,Maharashtra Runway Expansion Project - Phase 3,Airports,Maharashtra,51.8,54.2,68,64,98.5,100.0,15,1,0,0,0,1,8.4,2,2.3,Delayed,Contractor performance,Contractor Replacement,Successful
HIST-01141,Telangana Runway Expansion Project - Phase 2,Airports,Telangana,142.7,160.8,33,58,100.0,100.0,7,2,1,0,0,0,-2.6,8,15.7,Delayed,Land acquisition,Land Acquisition Task Force,No Significant Improvement
HIST-01142,Uttar Pradesh National Highway Widening - Phase 1,Roads,Uttar Pradesh,331.7,344.8,41,26,67.0,60.4,11,0,0,0,0,0,-4.4,0,2.9,Under Review,No material delay,No Major Intervention,Not Applicable
HIST-01143,Rajasthan Affordable Housing Scheme - Phase 1,Urban Development,Rajasthan,611.6,624.9,39,43,100.0,95.6,8,0,0,0,0,0,10.4,2,2.4,Under Review,Other execution delay,No Major Intervention,Not Applicable
HIST-01144,Jharkhand Rail Line Doubling - Phase 2,Railways,Jharkhand,131.6,133.4,28,6,19.8,26.0,6,0,0,0,0,0,5.2,1,4.3,Under Review,No material delay,No Major Intervention,Not Applicable
HIST-01145,West Bengal Ring Road Development - Phase 1,Roads,West Bengal,207.5,227.7,28,24,98.1,98.3,6,0,1,0,0,0,12.6,0,8.3,Completed with Cost Overrun,No material delay,No Major Intervention,Not Applicable
HIST-01146,Rajasthan Thermal Power Plant Modernisation - Phase 2,Power,Rajasthan,404.8,434.5,23,81,100.0,91.6,6,0,1,1,0,0,-4.5,0,7.7,Completed with Cost Overrun,No material delay,Inter-Department Coordination,No Significant Improvement
HIST-01147,Tamil Nadu State Highway Upgradation - Phase 3,Roads,Tamil Nadu,109.3,109.3,37,76,100.0,100.0,11,1,0,0,0,0,2.6,0,0.7,Completed,No material delay,No Major Intervention,Not Applicable
HIST-01148,Rajasthan National Highway Widening - Phase 2,Roads,Rajasthan,398.0,426.7,47,71,100.0,84.2,14,0,1,1,0,0,-8.2,3,3.6,Delayed,Land acquisition,Land Acquisition Task Force,Successful
HIST-01149,Rajasthan Urban Renewal Mission - Phase 3,Urban Development,Rajasthan,165.1,204.2,49,78,97.7,85.0,11,2,1,0,1,1,12.4,8,19.8,Delayed,Land acquisition,Land Acquisition Task Force,Partially Successful
HIST-01150,Maharashtra Smart City Development - Phase 2,Urban Development,Maharashtra,1366.4,1427.6,55,46,80.3,60.9,17,1,0,0,1,0,4.1,0,1.3,Completed,No material delay,Additional Funding Approval,Partially Successful
HIST-01151,Uttar Pradesh Transmission Line Augmentation - Phase 1,Power,Uttar Pradesh,30.0,30.7,40,42,86.4,96.2,13,2,0,0,0,0,-2.2,0,1.0,Under Review,No material delay,No Major Intervention,Not Applicable
HIST-01152,Gujarat Railway Electrification Project - Phase 1,Railways,Gujarat,286.7,314.3,41,65,100.0,92.6,15,2,1,0,0,0,5.2,7,8.2,Delayed,Land acquisition,Land Acquisition Task Force,Partially Successful
HIST-01153,Tamil Nadu Port Terminal Expansion - Phase 3,Ports,Tamil Nadu,294.5,304.1,41,68,93.5,89.4,9,1,0,0,0,0,-3.1,0,2.4,Completed,No material delay,No Major Intervention,Not Applicable
HIST-01154,Bihar River Interlinking Scheme - Phase 1,Water Resources,Bihar,202.1,206.2,30,42,100.0,90.9,4,0,0,0,0,0,-0.2,0,1.3,Completed,No material delay,No Major Intervention,Not Applicable
HIST-01155,West Bengal River Interlinking Scheme - Phase 3,Water Resources,West Bengal,720.6,798.0,43,65,98.0,100.0,14,1,1,1,0,0,2.8,8,9.1,Delayed,Land acquisition,Land Acquisition Task Force,Partially Successful
HIST-01156,Odisha Freight Corridor Development - Phase 3,Railways,Odisha,378.5,386.0,41,7,6.5,16.4,10,0,1,0,0,0,-4.5,0,2.7,Under Review,No material delay,No Major Intervention,Not Applicable
HIST-01157,Bihar Irrigation Canal Modernisation - Phase 1,Water Resources,Bihar,851.7,926.8,33,54,100.0,100.0,7,1,1,0,0,0,12.4,9,7.7,Delayed,Land acquisition,Milestone Restructuring,Partially Successful
HIST-01158,Rajasthan Urban Renewal Mission - Phase 2,Urban Development,Rajasthan,536.3,597.8,23,72,97.4,95.1,9,2,0,0,1,0,7.2,3,6.3,Delayed,Milestone slippage,Additional Funding Approval,Successful
HIST-01159,Gujarat State Highway Upgradation - Phase 2,Roads,Gujarat,273.3,317.0,56,56,86.7,100.0,13,0,1,1,0,1,-1.1,4,8.6,Delayed,Land acquisition,Land Acquisition Task Force,Successful
HIST-01160,Jharkhand Water Supply Augmentation - Phase 2,Water Resources,Jharkhand,240.2,244.1,32,48,100.0,94.3,7,1,0,0,0,0,3.2,4,0.9,Delayed,Other execution delay,No Major Intervention,Not Applicable
HIST-01161,Odisha Expressway Corridor - Phase 2,Roads,Odisha,664.1,681.6,72,53,82.6,81.3,21,1,1,0,0,0,3.5,0,0.7,Under Review,No material delay,Contractor Replacement,Partially Successful
HIST-01162,Odisha Ring Road Development - Phase 1,Roads,Odisha,259.6,263.4,88,20,16.7,22.4,21,1,0,1,0,0,0.6,0,1.3,Under Review,No material delay,No Major Intervention,Not Applicable
HIST-01163,Madhya Pradesh Thermal Power Plant Modernisation - Phase 1,Power,Madhya Pradesh,650.9,678.9,12,75,91.7,100.0,4,1,0,0,0,0,-5.2,0,2.8,Completed,No material delay,No Major Intervention,Not Applicable
HIST-01164,Maharashtra Port Terminal Expansion - Phase 2,Ports,Maharashtra,87.2,92.5,22,36,97.3,96.9,7,1,0,0,1,0,1.6,0,3.1,Completed,No material delay,Additional Funding Approval,Successful
HIST-01165,Telangana Expressway Corridor - Phase 1,Roads,Telangana,352.3,374.8,40,57,100.0,100.0,9,2,1,0,0,0,5.4,0,6.9,Completed with Cost Overrun,No material delay,No Major Intervention,Not Applicable
HIST-01166,Telangana Sewerage Network Upgrade - Phase 1,Urban Development,Telangana,199.5,204.0,39,8,16.3,21.5,10,0,0,1,0,0,-6.3,0,1.3,Under Review,No material delay,No Major Intervention,Not Applicable
HIST-01167,Kerala Expressway Corridor - Phase 3,Roads,Kerala,859.3,889.7,21,59,86.3,88.4,4,0,0,1,0,1,2.3,0,3.1,Completed,No material delay,Contractor Replacement,No Significant Improvement
HIST-01168,Andhra Pradesh Port Terminal Expansion - Phase 3,Ports,Andhra Pradesh,132.5,138.4,45,19,30.3,23.1,11,1,1,0,0,0,6.1,3,2.3,Under Review,Land acquisition,Land Acquisition Task Force,Successful
HIST-01169,Madhya Pradesh Transmission Line Augmentation - Phase 1,Power,Madhya Pradesh,48.6,50.5,28,57,91.4,92.8,8,0,0,0,0,0,2.0,0,4.9,Completed,No material delay,No Major Intervention,Not Applicable
HIST-01170,Madhya Pradesh Rail Line Doubling - Phase 3,Railways,Madhya Pradesh,242.9,279.3,37,35,84.7,88.6,12,3,1,1,0,0,12.2,13,11.8,Delayed,Land acquisition,Land Acquisition Task Force,Partially Successful
HIST-01171,Maharashtra Rail Line Doubling - Phase 1,Railways,Maharashtra,93.8,103.2,68,57,82.9,66.6,19,1,1,0,0,1,4.1,3,6.1,Delayed,Land acquisition,Land Acquisition Task Force,Successful
HIST-01172,Tamil Nadu Airport Cargo Complex - Phase 3,Airports,Tamil Nadu,102.0,105.3,15,42,95.4,91.3,7,1,0,0,0,0,10.0,1,4.0,Completed,No material delay,No Major Intervention,Not Applicable
HIST-01173,Madhya Pradesh Port Terminal Expansion - Phase 3,Ports,Madhya Pradesh,73.7,80.7,61,59,91.8,96.4,17,0,1,1,0,0,0.0,4,5.5,Delayed,Land acquisition,Land Acquisition Task Force,Successful
HIST-01174,Jharkhand Water Supply Augmentation - Phase 1,Water Resources,Jharkhand,433.0,434.7,32,25,72.3,87.2,7,0,0,1,0,0,-4.1,0,0.0,Under Review,No material delay,No Major Intervention,Not Applicable
HIST-01175,Rajasthan River Interlinking Scheme - Phase 3,Water Resources,Rajasthan,712.9,836.4,65,46,63.7,62.0,15,1,1,0,0,1,3.2,3,7.9,Under Review,Land acquisition,Land Acquisition Task Force,Successful
HIST-01176,Telangana National Highway Widening - Phase 3,Roads,Telangana,66.1,68.8,51,86,95.6,89.9,13,1,0,0,0,0,-0.0,0,4.1,Completed,No material delay,No Major Intervention,Not Applicable
HIST-01177,Kerala Substation Capacity Expansion - Phase 1,Power,Kerala,130.7,138.7,61,49,83.9,87.7,17,2,0,1,0,0,4.6,3,2.6,Delayed,Milestone slippage,Inter-Department Coordination,Successful
HIST-01178,Tamil Nadu River Interlinking Scheme - Phase 1,Water Resources,Tamil Nadu,732.1,760.0,39,74,92.5,91.8,11,0,0,0,0,0,-3.2,1,2.8,Completed,No material delay,No Major Intervention,Not Applicable
HIST-01179,Telangana Railway Electrification Project - Phase 3,Railways,Telangana,259.1,289.4,44,24,54.0,64.0,14,0,1,0,0,1,-1.6,3,8.2,Under Review,Land acquisition,Land Acquisition Task Force,Successful
HIST-01180,Haryana State Highway Upgradation - Phase 2,Roads,Haryana,326.3,377.4,32,63,93.6,91.1,9,2,0,1,1,0,3.9,3,14.0,Under Review,Milestone slippage,Additional Funding Approval,Partially Successful
HIST-01181,Maharashtra Runway Expansion Project - Phase 3,Airports,Maharashtra,100.9,100.9,43,32,71.1,77.7,11,1,0,0,0,0,-2.9,0,0.0,Under Review,No material delay,No Major Intervention,Not Applicable
HIST-01182,Maharashtra Thermal Power Plant Modernisation - Phase 1,Power,Maharashtra,320.5,333.2,56,20,31.5,48.5,11,1,0,0,0,0,-5.3,3,3.7,Delayed,Other execution delay,No Major Intervention,Not Applicable
HIST-01183,Rajasthan Thermal Power Plant Modernisation - Phase 2,Power,Rajasthan,183.2,191.4,75,64,78.4,67.3,20,0,1,0,0,0,4.8,0,6.2,Completed with Cost Overrun,No material delay,No Major Intervention,Not Applicable
HIST-01184,Andhra Pradesh River Interlinking Scheme - Phase 3,Water Resources,Andhra Pradesh,74.9,86.3,42,83,100.0,100.0,10,2,1,0,1,0,3.0,4,8.1,Delayed,Land acquisition,Land Acquisition Task Force,Successful
HIST-01185,Andhra Pradesh Container Yard Development - Phase 2,Ports,Andhra Pradesh,276.3,299.4,26,20,81.9,89.4,4,0,1,0,0,0,-8.4,5,5.2,Delayed,Land acquisition,Land Acquisition Task Force,Successful
HIST-01186,Gujarat State Highway Upgradation - Phase 1,Roads,Gujarat,443.4,481.6,55,29,47.2,39.5,17,2,0,0,0,1,1.2,0,7.8,Under Review,No material delay,Contractor Replacement,No Significant Improvement
HIST-01187,Telangana Thermal Power Plant Modernisation - Phase 1,Power,Telangana,192.1,214.9,84,50,51.6,57.5,19,1,0,0,1,0,7.3,5,11.8,Under Review,Funding release,Additional Funding Approval,No Significant Improvement
HIST-01188,Tamil Nadu Expressway Corridor - Phase 2,Roads,Tamil Nadu,280.4,314.3,17,69,83.4,87.7,5,0,1,0,1,0,-6.0,0,11.9,Completed with Cost Overrun,No material delay,Additional Funding Approval,No Significant Improvement
HIST-01189,West Bengal Expressway Corridor - Phase 3,Roads,West Bengal,87.5,96.3,43,36,89.8,81.2,12,1,0,0,1,0,5.8,0,9.3,Under Review,No material delay,Additional Funding Approval,No Significant Improvement
HIST-01190,Rajasthan Container Yard Development - Phase 2,Ports,Rajasthan,141.0,141.5,20,43,100.0,91.8,4,0,0,0,0,0,-8.6,0,0.3,Completed,No material delay,No Major Intervention,Not Applicable
HIST-01191,Madhya Pradesh Solar Power Park - Phase 3,Power,Madhya Pradesh,618.9,642.9,53,86,100.0,100.0,9,0,0,0,0,0,1.8,0,4.4,Completed,No material delay,No Major Intervention,Not Applicable
HIST-01192,Uttar Pradesh National Highway Widening - Phase 3,Roads,Uttar Pradesh,286.5,298.1,41,20,51.9,53.3,12,0,0,0,0,0,-4.2,0,4.8,Under Review,No material delay,No Major Intervention,Not Applicable
HIST-01193,Bihar Solar Power Park - Phase 3,Power,Bihar,166.4,167.2,35,10,33.0,19.6,9,1,0,0,0,0,-4.9,4,0.0,Delayed,Other execution delay,No Major Intervention,Not Applicable
HIST-01194,Bihar Railway Electrification Project - Phase 2,Railways,Bihar,90.4,94.1,44,34,79.1,64.0,10,1,1,0,0,0,0.3,3,2.1,Under Review,Land acquisition,Land Acquisition Task Force,Successful
HIST-01195,Bihar River Interlinking Scheme - Phase 3,Water Resources,Bihar,136.2,140.9,45,71,97.2,98.8,13,1,0,0,0,0,-3.4,0,4.6,Completed,No material delay,No Major Intervention,Not Applicable
HIST-01196,Andhra Pradesh Runway Expansion Project - Phase 3,Airports,Andhra Pradesh,105.3,106.8,44,32,79.5,68.4,9,1,0,0,0,0,6.8,4,2.4,Delayed,Other execution delay,No Major Intervention,Not Applicable
HIST-01197,Jharkhand Urban Renewal Mission - Phase 1,Urban Development,Jharkhand,555.2,555.6,56,66,100.0,100.0,13,1,1,0,0,0,2.6,1,0.4,Completed,No material delay,No Major Intervention,Not Applicable
HIST-01198,Haryana Smart City Development - Phase 2,Urban Development,Haryana,883.6,898.3,66,21,33.3,32.2,13,0,0,0,0,0,-3.5,1,2.3,Under Review,No material delay,No Major Intervention,Not Applicable
HIST-01199,Gujarat Port Connectivity Corridor - Phase 1,Ports,Gujarat,743.2,869.1,57,63,93.8,76.4,18,2,1,1,0,0,14.1,10,16.1,Delayed,Land acquisition,Land Acquisition Task Force,No Significant Improvement
HIST-01200,Odisha Substation Capacity Expansion - Phase 1,Power,Odisha,239.9,247.5,21,61,100.0,85.2,5,1,0,0,0,0,0.6,1,2.8,Completed,No material delay,No Major Intervention,Not Applicable
HIST-01201,Haryana Expressway Corridor - Phase 1,Roads,Haryana,261.6,283.3,65,32,50.2,40.1,15,0,1,1,0,0,-4.8,0,4.9,Completed,No material delay,Inter-Department Coordination,Successful
HIST-01202,Haryana Railway Electrification Project - Phase 1,Railways,Haryana,66.6,72.8,54,65,94.3,95.8,12,2,0,0,0,1,4.0,1,7.2,Completed with Cost Overrun,No material delay,Contractor Replacement,Partially Successful
HIST-01203,Kerala Freight Corridor Development - Phase 1,Railways,Kerala,407.7,415.9,37,71,100.0,100.0,7,0,0,0,0,0,3.7,0,0.8,Completed,No material delay,No Major Intervention,Not Applicable
HIST-01204,Uttar Pradesh Dam Rehabilitation Project - Phase 2,Water Resources,Uttar Pradesh,66.6,76.9,61,24,34.6,26.2,13,4,1,0,0,0,4.5,9,15.0,Under Review,Land acquisition,Land Acquisition Task Force,No Significant Improvement
HIST-01205,Madhya Pradesh Urban Renewal Mission - Phase 3,Urban Development,Madhya Pradesh,539.0,590.7,39,79,94.3,93.6,8,2,1,0,0,0,12.1,3,4.9,Delayed,Land acquisition,Land Acquisition Task Force,Successful
HIST-01206,Kerala Railway Electrification Project - Phase 3,Railways,Kerala,165.4,168.6,24,46,100.0,97.3,6,0,1,0,0,0,-4.5,2,3.0,Delayed,Land acquisition,No Major Intervention,Not Applicable
HIST-01207,Odisha Railway Electrification Project - Phase 2,Railways,Odisha,490.9,530.5,41,13,45.2,61.4,12,0,0,1,0,1,-10.1,0,6.0,Under Review,No material delay,Contractor Replacement,Partially Successful
HIST-01208,Jharkhand Dam Rehabilitation Project - Phase 3,Water Resources,Jharkhand,134.8,151.6,23,16,62.4,58.5,5,1,1,1,1,0,4.1,4,8.0,Delayed,Land acquisition,Land Acquisition Task Force,Successful
HIST-01209,Uttar Pradesh Thermal Power Plant Modernisation - Phase 2,Power,Uttar Pradesh,285.0,316.8,37,43,100.0,100.0,10,2,0,0,0,1,0.8,4,10.7,Delayed,Milestone slippage,Contractor Replacement,Partially Successful
HIST-01210,West Bengal Freight Corridor Development - Phase 3,Railways,West Bengal,929.4,961.5,37,39,100.0,100.0,9,1,0,0,0,0,-2.7,0,2.4,Completed,No material delay,No Major Intervention,Not Applicable
HIST-01211,Telangana Irrigation Canal Modernisation - Phase 2,Water Resources,Telangana,91.5,105.4,33,63,100.0,100.0,7,2,0,1,0,0,7.2,2,13.9,Delayed,Milestone slippage,No Major Intervention,Not Applicable
HIST-01212,Jharkhand Substation Capacity Expansion - Phase 1,Power,Jharkhand,256.7,266.9,58,11,13.2,14.5,12,0,0,1,0,0,7.8,2,1.5,Under Review,Pending clearance,Inter-Department Coordination,Successful
HIST-01213,Andhra Pradesh Airport Terminal Development - Phase 2,Airports,Andhra Pradesh,96.0,101.4,29,83,97.4,99.3,10,1,0,1,0,0,3.2,1,4.2,Completed,No material delay,No Major Intervention,Not Applicable
HIST-01214,Maharashtra Expressway Corridor - Phase 3,Roads,Maharashtra,1643.7,1828.0,41,13,27.6,21.8,13,1,0,0,1,0,0.9,0,12.1,Under Review,No material delay,Additional Funding Approval,No Significant Improvement
HIST-01215,Maharashtra Urban Renewal Mission - Phase 3,Urban Development,Maharashtra,208.6,227.1,57,38,54.9,51.9,17,3,0,1,0,0,10.9,11,8.5,Under Review,Milestone slippage,Milestone Restructuring,No Significant Improvement
HIST-01216,Madhya Pradesh Runway Expansion Project - Phase 2,Airports,Madhya Pradesh,495.8,529.4,37,69,100.0,94.3,12,1,0,0,0,0,7.7,0,6.9,Completed with Cost Overrun,No material delay,No Major Intervention,Not Applicable
HIST-01217,Tamil Nadu River Interlinking Scheme - Phase 2,Water Resources,Tamil Nadu,578.4,635.7,47,79,100.0,99.4,13,0,1,1,0,0,4.5,3,8.7,Delayed,Land acquisition,Land Acquisition Task Force,Successful
HIST-01218,Gujarat Freight Corridor Development - Phase 3,Railways,Gujarat,535.2,555.6,40,26,67.5,69.4,8,0,1,0,0,1,-10.6,2,3.4,Delayed,Land acquisition,Land Acquisition Task Force,No Significant Improvement
HIST-01219,Maharashtra River Interlinking Scheme - Phase 1,Water Resources,Maharashtra,253.5,307.3,51,56,86.9,87.5,14,7,0,1,1,0,17.0,6,9.9,Delayed,Milestone slippage,Additional Funding Approval,Successful
HIST-01220,Telangana National Highway Widening - Phase 3,Roads,Telangana,184.8,203.5,45,23,40.4,25.9,11,3,0,0,1,0,3.5,0,11.8,Completed with Cost Overrun,No material delay,Additional Funding Approval,No Significant Improvement
HIST-01221,Jharkhand Rail Line Doubling - Phase 1,Railways,Jharkhand,206.7,214.5,44,49,96.8,100.0,10,0,1,0,0,0,0.2,0,3.5,Completed,No material delay,No Major Intervention,Not Applicable
HIST-01222,Rajasthan Freight Corridor Development - Phase 3,Railways,Rajasthan,108.1,128.6,32,16,58.1,51.6,8,2,0,0,1,1,9.0,1,9.7,Under Review,No material delay,Additional Funding Approval,Successful
HIST-01223,Karnataka Container Yard Development - Phase 1,Ports,Karnataka,235.8,246.8,12,85,93.7,98.1,4,1,0,0,0,0,2.1,0,5.4,Completed with Cost Overrun,No material delay,No Major Intervention,Not Applicable
HIST-01224,Tamil Nadu Smart City Development - Phase 3,Urban Development,Tamil Nadu,226.3,237.4,49,39,76.6,67.5,10,0,1,0,0,0,8.3,11,4.0,Under Review,Land acquisition,Land Acquisition Task Force,No Significant Improvement
HIST-01225,Haryana Sewerage Network Upgrade - Phase 1,Urban Development,Haryana,43.6,48.3,55,25,30.8,29.2,15,3,0,0,1,0,11.7,0,10.6,Under Review,No material delay,Additional Funding Approval,No Significant Improvement
HIST-01226,Andhra Pradesh National Highway Widening - Phase 3,Roads,Andhra Pradesh,301.3,313.3,44,6,12.8,2.3,9,0,0,0,0,0,-4.0,0,4.9,Completed,No material delay,No Major Intervention,Not Applicable
HIST-01227,Telangana State Highway Upgradation - Phase 3,Roads,Telangana,412.7,458.4,53,6,19.7,14.5,15,3,0,0,0,1,3.6,2,6.2,Under Review,Milestone slippage,Contractor Replacement,Successful
HIST-01228,West Bengal Urban Renewal Mission - Phase 2,Urban Development,West Bengal,638.0,638.0,58,6,13.5,8.6,15,2,0,0,0,0,-1.6,3,0.0,Delayed,Milestone slippage,No Major Intervention,Not Applicable
HIST-01229,Andhra Pradesh Ring Road Development - Phase 2,Roads,Andhra Pradesh,807.5,980.0,51,70,89.3,83.4,9,2,1,0,1,0,3.1,6,15.5,Delayed,Land acquisition,Land Acquisition Task Force,Partially Successful
HIST-01230,Rajasthan Rail Line Doubling - Phase 1,Railways,Rajasthan,173.9,198.0,44,22,67.0,70.5,12,0,1,0,1,0,7.7,1,12.3,Under Review,No material delay,Additional Funding Approval,Partially Successful
HIST-01231,Kerala Ring Road Development - Phase 3,Roads,Kerala,236.2,254.1,29,40,100.0,92.0,10,2,0,0,0,1,9.6,1,5.1,Completed with Cost Overrun,No material delay,Contractor Replacement,Partially Successful
HIST-01232,Karnataka National Highway Widening - Phase 1,Roads,Karnataka,384.4,472.7,47,73,100.0,100.0,11,2,1,1,1,1,7.0,5,12.4,Delayed,Land acquisition,Land Acquisition Task Force,Successful
HIST-01233,Bihar Dam Rehabilitation Project - Phase 3,Water Resources,Bihar,1601.7,1601.7,56,9,20.2,19.1,14,0,0,0,0,0,-4.2,0,0.2,Under Review,No material delay,No Major Intervention,Not Applicable
HIST-01234,West Bengal Port Connectivity Corridor - Phase 2,Ports,West Bengal,587.1,679.4,32,23,72.7,66.8,9,1,1,0,0,0,10.6,5,7.1,Delayed,Land acquisition,Land Acquisition Task Force,Successful
HIST-01235,Madhya Pradesh Runway Expansion Project - Phase 1,Airports,Madhya Pradesh,208.2,211.4,41,19,42.6,31.0,5,1,0,0,0,0,-5.2,0,0.5,Under Review,No material delay,No Major Intervention,Not Applicable
HIST-01236,Maharashtra State Highway Upgradation - Phase 2,Roads,Maharashtra,348.6,352.0,34,74,93.5,83.5,12,1,0,0,0,0,4.6,0,1.9,Completed,No material delay,No Major Intervention,Not Applicable
HIST-01237,Odisha Solar Power Park - Phase 1,Power,Odisha,42.7,45.3,48,18,36.8,26.6,11,2,0,0,0,0,3.8,0,6.6,Under Review,No material delay,No Major Intervention,Not Applicable
HIST-01238,Uttar Pradesh Irrigation Canal Modernisation - Phase 1,Water Resources,Uttar Pradesh,632.5,702.1,33,34,100.0,93.6,7,0,1,1,0,0,3.5,0,11.0,Under Review,No material delay,Inter-Department Coordination,No Significant Improvement
HIST-01239,Gujarat Freight Corridor Development - Phase 1,Railways,Gujarat,163.1,170.0,33,12,50.9,45.1,5,1,1,0,0,0,-1.6,0,2.4,Under Review,No material delay,No Major Intervention,Not Applicable
HIST-01240,Haryana Solar Power Park - Phase 2,Power,Haryana,353.9,405.5,19,53,83.3,93.9,7,2,1,0,0,1,10.3,12,12.9,Delayed,Land acquisition,Milestone Restructuring,No Significant Improvement
HIST-01241,Gujarat Smart City Development - Phase 2,Urban Development,Gujarat,182.4,190.5,41,71,90.2,96.1,9,0,0,0,0,1,2.3,1,2.9,Completed,No material delay,Contractor Replacement,Successful
HIST-01242,Bihar Transmission Line Augmentation - Phase 2,Power,Bihar,422.0,422.0,30,23,81.9,86.8,7,0,0,0,0,0,-5.7,1,0.0,Completed,No material delay,Additional Funding Approval,Partially Successful
HIST-01243,Bihar National Highway Widening - Phase 1,Roads,Bihar,540.4,559.4,23,20,80.8,88.0,5,1,0,0,0,0,2.2,1,0.7,Completed,No material delay,No Major Intervention,Not Applicable
HIST-01244,Telangana Metro Rail Extension - Phase 2,Railways,Telangana,167.9,205.6,13,75,100.0,100.0,7,2,1,1,1,1,6.6,7,21.1,Delayed,Land acquisition,Land Acquisition Task Force,Partially Successful
HIST-01245,Gujarat Metro Rail Extension - Phase 1,Railways,Gujarat,119.5,131.7,32,65,92.5,77.0,13,2,1,0,0,0,7.8,5,5.7,Delayed,Land acquisition,Land Acquisition Task Force,Successful
HIST-01246,West Bengal Dam Rehabilitation Project - Phase 1,Water Resources,West Bengal,133.7,154.9,41,50,100.0,82.1,9,0,1,0,1,1,6.2,3,7.3,Delayed,Land acquisition,Land Acquisition Task Force,Successful
HIST-01247,Andhra Pradesh Urban Renewal Mission - Phase 1,Urban Development,Andhra Pradesh,69.5,69.6,34,6,9.5,10.7,8,2,0,0,0,0,1.9,0,0.0,Under Review,No material delay,No Major Intervention,Not Applicable
HIST-01248,Telangana Airport Terminal Development - Phase 2,Airports,Telangana,25.0,26.1,40,44,84.8,81.8,10,0,0,0,0,1,-0.4,1,2.8,Completed,No material delay,Land Acquisition Task Force,Partially Successful
HIST-01249,Odisha Thermal Power Plant Modernisation - Phase 3,Power,Odisha,285.4,299.5,33,41,100.0,100.0,8,0,0,1,0,0,9.7,1,5.0,Under Review,No material delay,No Major Intervention,Not Applicable
HIST-01250,Jharkhand Affordable Housing Scheme - Phase 2,Urban Development,Jharkhand,151.4,154.0,22,28,100.0,100.0,4,0,0,0,0,0,6.0,0,3.2,Completed,No material delay,No Major Intervention,Not Applicable
HIST-01251,Madhya Pradesh Water Supply Augmentation - Phase 2,Water Resources,Madhya Pradesh,93.6,106.1,58,74,100.0,99.7,14,1,1,1,0,0,4.9,0,6.3,Completed with Cost Overrun,No material delay,Inter-Department Coordination,Successful
HIST-01252,Madhya Pradesh Water Supply Augmentation - Phase 1,Water Resources,Madhya Pradesh,107.8,113.5,35,55,83.0,81.5,9,1,0,0,0,1,0.4,0,1.4,Completed,No material delay,Contractor Replacement,Successful
HIST-01253,Haryana Thermal Power Plant Modernisation - Phase 1,Power,Haryana,186.0,186.0,32,41,100.0,93.3,10,1,0,0,0,0,6.8,1,0.5,Completed,No material delay,No Major Intervention,Not Applicable
HIST-01254,Telangana Ring Road Development - Phase 3,Roads,Telangana,794.4,993.3,45,75,94.0,92.9,12,2,1,1,1,1,3.3,5,14.6,Delayed,Land acquisition,Land Acquisition Task Force,Successful
HIST-01255,Uttar Pradesh Airport Terminal Development - Phase 3,Airports,Uttar Pradesh,308.1,316.1,57,22,41.7,52.0,11,0,0,0,0,0,0.3,0,1.8,Under Review,No material delay,No Major Intervention,Not Applicable
HIST-01256,Uttar Pradesh Runway Expansion Project - Phase 2,Airports,Uttar Pradesh,192.4,198.2,41,36,81.1,99.0,12,1,0,0,0,0,3.1,0,4.5,Completed,No material delay,No Major Intervention,Not Applicable
HIST-01257,Karnataka Expressway Corridor - Phase 1,Roads,Karnataka,199.3,215.9,46,27,55.2,55.8,10,0,1,0,0,0,1.3,2,7.7,Under Review,Land acquisition,Land Acquisition Task Force,Partially Successful
HIST-01258,Jharkhand National Highway Widening - Phase 1,Roads,Jharkhand,37.2,40.4,59,45,72.3,69.9,19,0,1,1,0,0,-1.8,0,6.8,Under Review,No material delay,Inter-Department Coordination,Partially Successful
HIST-01259,Telangana Container Yard Development - Phase 3,Ports,Telangana,113.8,126.5,26,81,86.4,92.1,9,3,1,0,0,0,3.2,13,11.3,Delayed,Land acquisition,Land Acquisition Task Force,No Significant Improvement
HIST-01260,Madhya Pradesh Thermal Power Plant Modernisation - Phase 1,Power,Madhya Pradesh,559.2,577.9,12,74,96.5,87.6,4,1,0,0,0,0,-1.9,1,1.2,Completed,No material delay,No Major Intervention,Not Applicable
HIST-01261,Telangana Port Terminal Expansion - Phase 3,Ports,Telangana,344.7,344.7,47,23,45.2,37.9,11,0,0,0,0,0,-8.2,1,0.0,Under Review,No material delay,Inter-Department Coordination,No Significant Improvement
HIST-01262,Karnataka Airport Cargo Complex - Phase 3,Airports,Karnataka,90.1,99.8,44,69,91.8,97.3,14,2,0,1,0,0,4.2,10,9.4,Delayed,Milestone slippage,Inter-Department Coordination,No Significant Improvement
HIST-01263,Maharashtra Sewerage Network Upgrade - Phase 2,Urban Development,Maharashtra,110.5,110.5,51,7,16.1,11.9,12,0,0,0,0,0,3.8,0,0.3,Under Review,No material delay,No Major Intervention,Not Applicable
HIST-01264,Jharkhand Affordable Housing Scheme - Phase 2,Urban Development,Jharkhand,421.4,427.6,15,17,99.1,100.0,4,0,0,1,0,0,5.3,0,0.7,Completed,No material delay,No Major Intervention,Not Applicable
HIST-01265,Odisha Ring Road Development - Phase 3,Roads,Odisha,731.1,852.3,54,70,91.8,100.0,13,1,1,0,1,0,4.6,4,16.0,Delayed,Land acquisition,Land Acquisition Task Force,No Significant Improvement
HIST-01266,Maharashtra Water Supply Augmentation - Phase 2,Water Resources,Maharashtra,388.7,418.3,56,54,98.5,94.1,13,0,1,0,0,0,5.0,2,4.2,Delayed,Land acquisition,Land Acquisition Task Force,Successful
HIST-01267,Odisha Smart City Development - Phase 1,Urban Development,Odisha,829.5,852.3,12,18,96.3,98.4,4,1,0,0,0,0,-4.9,0,2.2,Completed,No material delay,No Major Intervention,Not Applicable
HIST-01268,Madhya Pradesh Airport Cargo Complex - Phase 2,Airports,Madhya Pradesh,123.2,123.5,18,7,38.6,32.6,6,1,0,0,0,0,-2.3,0,0.0,Under Review,No material delay,No Major Intervention,Not Applicable
HIST-01269,Odisha Rail Line Doubling - Phase 3,Railways,Odisha,202.6,237.4,73,38,51.9,60.5,17,1,1,1,0,1,1.9,7,14.4,Under Review,Land acquisition,Contractor Replacement,Partially Successful
HIST-01270,West Bengal National Highway Widening - Phase 3,Roads,West Bengal,200.6,219.8,45,56,96.2,97.9,12,0,0,1,1,0,-0.4,1,6.0,Completed with Cost Overrun,No material delay,Additional Funding Approval,Successful
HIST-01271,Odisha Ring Road Development - Phase 1,Roads,Odisha,237.6,256.7,69,40,63.7,68.8,13,1,0,1,0,0,4.8,7,6.4,Under Review,Pending clearance,Inter-Department Coordination,No Significant Improvement
HIST-01272,Haryana State Highway Upgradation - Phase 1,Roads,Haryana,79.3,87.7,41,52,100.0,94.9,11,0,1,0,0,1,9.5,4,5.2,Delayed,Land acquisition,Milestone Restructuring,Successful
HIST-01273,Telangana Thermal Power Plant Modernisation - Phase 3,Power,Telangana,238.0,238.0,50,55,95.2,86.5,14,1,0,0,0,0,-2.7,0,0.0,Completed,No material delay,No Major Intervention,Not Applicable
HIST-01274,Maharashtra Affordable Housing Scheme - Phase 1,Urban Development,Maharashtra,485.7,496.9,48,55,100.0,100.0,12,1,0,0,0,0,3.5,0,1.3,Completed,No material delay,No Major Intervention,Not Applicable
HIST-01275,Andhra Pradesh Transmission Line Augmentation - Phase 3,Power,Andhra Pradesh,187.3,202.3,44,31,79.7,68.9,9,2,0,0,1,0,2.3,0,5.1,Under Review,No material delay,Additional Funding Approval,Successful
HIST-01276,West Bengal Dam Rehabilitation Project - Phase 3,Water Resources,West Bengal,1170.2,1228.3,36,71,97.7,93.2,9,0,0,1,0,0,-2.6,4,5.0,Delayed,Pending clearance,Inter-Department Coordination,No Significant Improvement
HIST-01277,West Bengal Smart City Development - Phase 1,Urban Development,West Bengal,85.5,89.4,36,10,32.1,21.3,9,0,1,0,0,0,1.9,0,4.5,Under Review,No material delay,No Major Intervention,Not Applicable
HIST-01278,Jharkhand Runway Expansion Project - Phase 3,Airports,Jharkhand,432.9,517.1,57,80,100.0,100.0,16,2,0,1,1,0,4.9,7,17.1,Delayed,Milestone slippage,Additional Funding Approval,No Significant Improvement
HIST-01279,Tamil Nadu Port Terminal Expansion - Phase 3,Ports,Tamil Nadu,105.8,120.5,65,30,51.5,48.0,16,3,1,0,0,0,3.4,5,7.8,Delayed,Land acquisition,Land Acquisition Task Force,Successful
HIST-01280,West Bengal Airport Cargo Complex - Phase 3,Airports,West Bengal,111.9,111.9,55,27,51.0,53.8,8,0,0,0,0,0,4.5,0,0.0,Under Review,No material delay,No Major Intervention,Not Applicable
HIST-01281,Rajasthan National Highway Widening - Phase 3,Roads,Rajasthan,183.0,194.7,52,34,61.4,65.3,13,0,0,0,0,0,-4.4,0,2.9,Under Review,No material delay,Milestone Restructuring,Successful
HIST-01282,Rajasthan Affordable Housing Scheme - Phase 3,Urban Development,Rajasthan,570.4,624.9,43,59,100.0,100.0,12,1,0,0,1,0,3.6,1,5.1,Completed with Cost Overrun,No material delay,Land Acquisition Task Force,Partially Successful
HIST-01283,Odisha Airport Terminal Development - Phase 1,Airports,Odisha,89.8,91.7,56,13,13.4,7.7,16,1,0,1,0,0,-3.6,0,3.0,Under Review,No material delay,No Major Intervention,Not Applicable
HIST-01284,Bihar Metro Rail Extension - Phase 2,Railways,Bihar,243.4,253.5,43,65,100.0,96.3,8,3,0,0,0,0,7.8,1,3.5,Completed,No material delay,Milestone Restructuring,Partially Successful
HIST-01285,Tamil Nadu Airport Terminal Development - Phase 3,Airports,Tamil Nadu,82.9,83.5,37,86,98.5,100.0,10,0,0,1,0,0,3.8,0,2.4,Completed,No material delay,No Major Intervention,Not Applicable
HIST-01286,Kerala Metro Rail Extension - Phase 2,Railways,Kerala,237.5,242.4,48,75,96.2,93.8,10,1,0,0,0,0,9.1,6,2.6,Delayed,Other execution delay,No Major Intervention,Not Applicable
HIST-01287,Telangana Sewerage Network Upgrade - Phase 3,Urban Development,Telangana,587.8,587.9,42,27,80.8,76.0,12,0,0,0,0,0,0.1,1,0.0,Completed,No material delay,No Major Intervention,Not Applicable
HIST-01288,Rajasthan State Highway Upgradation - Phase 3,Roads,Rajasthan,124.8,128.6,55,19,22.2,27.4,14,1,0,0,0,0,1.2,3,2.8,Under Review,Other execution delay,No Major Intervention,Not Applicable
HIST-01289,Telangana Airport Cargo Complex - Phase 2,Airports,Telangana,206.4,220.7,45,83,100.0,96.5,8,0,0,0,0,0,-0.5,1,7.7,Completed with Cost Overrun,No material delay,No Major Intervention,Not Applicable
HIST-01290,Gujarat Metro Rail Extension - Phase 1,Railways,Gujarat,112.2,114.5,63,21,43.8,37.7,15,0,0,1,0,0,-1.8,1,1.4,Under Review,No material delay,No Major Intervention,Not Applicable
HIST-01291,Karnataka Runway Expansion Project - Phase 2,Airports,Karnataka,370.7,389.5,26,22,74.8,84.7,9,2,0,0,1,0,1.1,0,3.2,Completed,No material delay,Additional Funding Approval,Successful
HIST-01292,Jharkhand Airport Cargo Complex - Phase 1,Airports,Jharkhand,127.3,129.7,28,57,100.0,100.0,6,0,0,1,0,0,-4.7,2,0.7,Delayed,Pending clearance,Inter-Department Coordination,Successful
HIST-01293,Karnataka Transmission Line Augmentation - Phase 3,Power,Karnataka,309.3,332.0,46,61,86.9,96.5,8,1,0,0,1,0,2.7,0,6.5,Under Review,No material delay,Additional Funding Approval,Partially Successful
HIST-01294,Tamil Nadu Solar Power Park - Phase 2,Power,Tamil Nadu,63.3,65.8,47,87,98.2,84.1,14,0,0,0,0,0,1.7,4,4.3,Delayed,Other execution delay,No Major Intervention,Not Applicable
HIST-01295,Rajasthan Solar Power Park - Phase 3,Power,Rajasthan,285.9,318.7,37,81,97.7,96.5,4,0,1,0,0,1,6.4,2,6.7,Delayed,Land acquisition,Land Acquisition Task Force,Successful
HIST-01296,Telangana Smart City Development - Phase 1,Urban Development,Telangana,427.9,444.5,36,31,84.4,69.9,11,1,0,1,0,0,9.1,2,3.1,Under Review,Pending clearance,No Major Intervention,Not Applicable
HIST-01297,Madhya Pradesh Expressway Corridor - Phase 3,Roads,Madhya Pradesh,184.2,185.3,21,49,100.0,96.4,5,1,0,0,0,0,2.8,0,1.0,Completed,No material delay,No Major Intervention,Not Applicable
HIST-01298,Haryana Ring Road Development - Phase 1,Roads,Haryana,522.5,578.4,31,19,65.7,61.5,8,2,0,0,0,0,10.2,0,8.7,Completed with Cost Overrun,No material delay,Milestone Restructuring,Partially Successful
HIST-01299,Uttar Pradesh Railway Electrification Project - Phase 2,Railways,Uttar Pradesh,963.5,1107.6,67,12,24.1,29.3,20,3,1,0,0,0,8.7,6,7.9,Under Review,Land acquisition,Land Acquisition Task Force,Successful
HIST-01300,Kerala Solar Power Park - Phase 1,Power,Kerala,166.6,177.9,38,73,98.2,100.0,8,0,1,0,0,0,1.7,4,3.2,Delayed,Land acquisition,Land Acquisition Task Force,Successful
HIST-01301,Karnataka Substation Capacity Expansion - Phase 1,Power,Karnataka,143.9,144.0,20,61,99.6,100.0,4,2,0,0,0,0,-1.1,0,2.0,Completed,No material delay,No Major Intervention,Not Applicable
HIST-01302,Andhra Pradesh Expressway Corridor - Phase 1,Roads,Andhra Pradesh,201.0,205.4,33,81,100.0,100.0,14,1,0,1,0,0,3.7,5,3.6,Delayed,Pending clearance,Inter-Department Coordination,Partially Successful
HIST-01303,West Bengal Freight Corridor Development - Phase 1,Railways,West Bengal,262.7,262.7,61,77,100.0,94.3,17,0,0,1,0,0,-0.9,3,0.0,Delayed,Pending clearance,Inter-Department Coordination,No Significant Improvement
HIST-01304,Kerala Sewerage Network Upgrade - Phase 2,Urban Development,Kerala,72.3,72.9,64,8,13.7,7.1,14,1,0,0,0,0,-1.1,0,2.4,Under Review,No material delay,No Major Intervention,Not Applicable
HIST-01305,Madhya Pradesh Rail Line Doubling - Phase 2,Railways,Madhya Pradesh,416.7,416.7,20,26,100.0,100.0,7,1,0,0,0,0,-6.6,0,0.0,Completed,No material delay,No Major Intervention,Not Applicable
HIST-01306,Tamil Nadu Affordable Housing Scheme - Phase 1,Urban Development,Tamil Nadu,475.3,489.2,29,46,100.0,96.1,6,1,0,0,0,1,2.2,0,3.4,Completed,No material delay,Contractor Replacement,Partially Successful
HIST-01307,Rajasthan Ring Road Development - Phase 1,Roads,Rajasthan,169.1,169.1,35,63,99.1,91.8,8,0,0,1,0,0,-0.2,0,0.0,Completed,No material delay,No Major Intervention,Not Applicable
HIST-01308,Andhra Pradesh Expressway Corridor - Phase 3,Roads,Andhra Pradesh,369.9,376.8,41,50,100.0,100.0,11,0,0,1,0,0,1.9,0,1.5,Completed,No material delay,Inter-Department Coordination,Partially Successful
HIST-01309,Karnataka Thermal Power Plant Modernisation - Phase 2,Power,Karnataka,215.6,216.3,26,35,93.0,90.3,6,2,0,0,0,0,5.5,2,0.2,Delayed,Milestone slippage,No Major Intervention,Not Applicable
HIST-01310,Andhra Pradesh Expressway Corridor - Phase 1,Roads,Andhra Pradesh,228.7,229.8,48,41,84.0,84.0,11,0,1,0,0,0,-2.6,1,2.2,Completed,No material delay,No Major Intervention,Not Applicable
HIST-01311,Gujarat Container Yard Development - Phase 2,Ports,Gujarat,81.2,93.2,40,17,46.9,51.9,11,3,1,0,1,0,-1.7,8,9.4,Under Review,Land acquisition,Land Acquisition Task Force,Partially Successful
HIST-01312,Jharkhand Airport Cargo Complex - Phase 3,Airports,Jharkhand,300.0,306.7,45,46,100.0,92.0,12,0,0,0,0,0,-7.2,0,0.6,Completed,No material delay,Milestone Restructuring,No Significant Improvement
HIST-01313,Odisha Affordable Housing Scheme - Phase 2,Urban Development,Odisha,1048.5,1052.2,54,48,92.1,100.0,14,1,0,0,0,0,0.4,1,0.0,Under Review,No material delay,No Major Intervention,Not Applicable
HIST-01314,Bihar Dam Rehabilitation Project - Phase 1,Water Resources,Bihar,781.5,899.5,32,70,95.8,100.0,5,2,0,1,0,1,8.1,3,7.5,Delayed,Milestone slippage,Contractor Replacement,Successful
HIST-01315,Andhra Pradesh Runway Expansion Project - Phase 1,Airports,Andhra Pradesh,25.0,25.0,40,47,85.8,88.2,12,1,0,0,0,0,3.6,1,1.5,Completed,No material delay,No Major Intervention,Not Applicable
HIST-01316,Maharashtra State Highway Upgradation - Phase 1,Roads,Maharashtra,70.5,79.4,31,65,100.0,100.0,8,0,1,0,1,0,1.4,0,10.6,Completed with Cost Overrun,No material delay,Additional Funding Approval,Partially Successful
HIST-01317,Telangana Urban Renewal Mission - Phase 2,Urban Development,Telangana,431.1,462.5,34,80,100.0,100.0,9,1,0,1,0,0,3.5,0,8.0,Completed with Cost Overrun,No material delay,No Major Intervention,Not Applicable
HIST-01318,Rajasthan Substation Capacity Expansion - Phase 3,Power,Rajasthan,93.5,95.9,32,23,71.3,84.7,12,0,0,0,0,0,-4.6,0,2.6,Under Review,No material delay,Inter-Department Coordination,Successful
HIST-01319,Madhya Pradesh Ring Road Development - Phase 1,Roads,Madhya Pradesh,507.4,519.8,34,16,58.9,63.0,11,2,0,0,0,0,4.4,0,3.0,Completed,No material delay,No Major Intervention,Not Applicable
HIST-01320,Uttar Pradesh Affordable Housing Scheme - Phase 2,Urban Development,Uttar Pradesh,81.3,89.6,90,45,51.1,51.3,20,2,0,0,0,1,5.3,5,6.9,Under Review,Milestone slippage,Inter-Department Coordination,Partially Successful
HIST-01321,West Bengal Water Supply Augmentation - Phase 3,Water Resources,West Bengal,282.8,292.2,41,69,98.0,86.5,9,0,0,0,0,0,2.2,0,2.7,Completed,No material delay,No Major Intervention,Not Applicable
HIST-01322,Telangana Substation Capacity Expansion - Phase 2,Power,Telangana,1987.9,2028.7,20,12,59.0,48.2,4,0,0,0,0,0,-2.4,0,2.4,Under Review,No material delay,No Major Intervention,Not Applicable
HIST-01323,Karnataka Smart City Development - Phase 2,Urban Development,Karnataka,587.6,646.1,30,55,92.5,100.0,9,2,0,0,0,1,9.0,1,6.9,Completed with Cost Overrun,No material delay,Contractor Replacement,Successful
HIST-01324,Telangana Solar Power Park - Phase 1,Power,Telangana,476.4,480.0,48,6,15.4,10.3,13,1,0,0,0,0,-1.3,0,2.1,Under Review,No material delay,No Major Intervention,Not Applicable
HIST-01325,Maharashtra Airport Cargo Complex - Phase 3,Airports,Maharashtra,122.1,129.0,25,75,100.0,88.9,5,0,1,0,0,0,0.7,6,4.8,Delayed,Land acquisition,Land Acquisition Task Force,Successful
HIST-01326,Tamil Nadu Metro Rail Extension - Phase 1,Railways,Tamil Nadu,449.1,462.5,37,16,57.3,75.3,9,1,0,0,0,0,4.7,3,0.0,Under Review,Other execution delay,Contractor Replacement,Successful
HIST-01327,Uttar Pradesh Dam Rehabilitation Project - Phase 1,Water Resources,Uttar Pradesh,331.7,368.9,51,9,15.0,3.9,16,1,0,1,1,0,-1.9,0,9.6,Under Review,No material delay,Additional Funding Approval,Partially Successful
HIST-01328,Odisha Solar Power Park - Phase 2,Power,Odisha,472.1,481.8,36,11,32.8,31.3,6,0,0,1,0,0,-6.8,0,4.6,Under Review,No material delay,No Major Intervention,Not Applicable
HIST-01329,Kerala Water Supply Augmentation - Phase 2,Water Resources,Kerala,137.8,150.7,54,54,94.3,90.6,12,3,1,0,0,0,10.5,0,8.6,Under Review,No material delay,Milestone Restructuring,No Significant Improvement
HIST-01330,Haryana Dam Rehabilitation Project - Phase 1,Water Resources,Haryana,434.9,442.6,47,29,63.8,54.7,13,0,0,0,0,0,-11.6,0,1.8,Under Review,No material delay,No Major Intervention,Not Applicable
HIST-01331,Karnataka Substation Capacity Expansion - Phase 2,Power,Karnataka,377.5,379.5,21,75,100.0,99.7,4,0,1,0,0,0,1.2,1,0.0,Completed,No material delay,No Major Intervention,Not Applicable
HIST-01332,West Bengal State Highway Upgradation - Phase 2,Roads,West Bengal,166.8,168.4,80,9,11.6,0.0,18,0,0,1,0,0,0.6,1,0.0,Under Review,No material delay,No Major Intervention,Not Applicable
HIST-01333,Bihar River Interlinking Scheme - Phase 3,Water Resources,Bihar,95.4,103.6,58,25,42.3,47.0,13,0,1,0,1,0,-9.1,1,9.0,Under Review,No material delay,Additional Funding Approval,No Significant Improvement
HIST-01334,Haryana State Highway Upgradation - Phase 1,Roads,Haryana,98.3,109.8,41,68,94.8,79.8,8,1,1,1,0,0,11.5,1,13.3,Completed with Cost Overrun,No material delay,Inter-Department Coordination,No Significant Improvement
HIST-01335,Rajasthan Transmission Line Augmentation - Phase 2,Power,Rajasthan,446.4,472.9,39,72,100.0,89.2,10,0,0,1,1,0,4.4,0,6.8,Completed with Cost Overrun,No material delay,Additional Funding Approval,No Significant Improvement
HIST-01336,Madhya Pradesh Railway Electrification Project - Phase 1,Railways,Madhya Pradesh,169.7,203.3,41,76,100.0,97.9,9,0,1,1,1,0,1.7,0,17.7,Completed with Cost Overrun,No material delay,Additional Funding Approval,No Significant Improvement
HIST-01337,Rajasthan Ring Road Development - Phase 3,Roads,Rajasthan,259.5,277.7,76,53,70.7,75.5,19,1,1,0,1,0,1.2,4,1.0,Under Review,Land acquisition,Land Acquisition Task Force,Successful
HIST-01338,Bihar Expressway Corridor - Phase 2,Roads,Bihar,73.1,84.2,83,49,39.0,38.5,21,0,1,1,1,0,-2.1,0,14.9,Under Review,No material delay,Additional Funding Approval,No Significant Improvement
HIST-01339,Gujarat Metro Rail Extension - Phase 3,Railways,Gujarat,113.5,118.9,50,86,96.5,74.4,11,1,0,0,0,0,1.2,0,6.5,Completed with Cost Overrun,No material delay,No Major Intervention,Not Applicable
HIST-01340,Andhra Pradesh National Highway Widening - Phase 1,Roads,Andhra Pradesh,83.5,89.0,32,83,92.5,84.7,8,0,1,0,0,0,2.4,0,6.0,Completed with Cost Overrun,No material delay,No Major Intervention,Not Applicable
HIST-01341,West Bengal Smart City Development - Phase 1,Urban Development,West Bengal,359.8,369.8,22,35,96.4,100.0,8,0,0,0,0,0,9.0,0,1.7,Under Review,No material delay,Additional Funding Approval,Partially Successful
HIST-01342,Madhya Pradesh Railway Electrification Project - Phase 3,Railways,Madhya Pradesh,237.4,260.4,14,59,90.1,99.9,4,2,0,1,0,0,3.3,0,9.9,Completed with Cost Overrun,No material delay,No Major Intervention,Not Applicable
HIST-01343,Uttar Pradesh State Highway Upgradation - Phase 3,Roads,Uttar Pradesh,236.5,241.3,36,15,38.4,51.5,5,1,0,0,0,0,6.0,6,1.2,Delayed,Other execution delay,Milestone Restructuring,No Significant Improvement
HIST-01344,Jharkhand Substation Capacity Expansion - Phase 2,Power,Jharkhand,343.9,363.2,35,46,86.0,96.7,8,2,0,0,0,0,11.2,8,5.8,Delayed,Milestone slippage,No Major Intervention,Not Applicable
HIST-01345,Andhra Pradesh Metro Rail Extension - Phase 1,Railways,Andhra Pradesh,723.0,792.2,54,88,100.0,97.2,15,0,1,0,0,0,-3.7,9,6.8,Delayed,Land acquisition,Land Acquisition Task Force,Partially Successful
HIST-01346,Karnataka Airport Terminal Development - Phase 3,Airports,Karnataka,114.7,120.1,28,16,54.0,50.9,6,1,0,0,0,0,8.6,0,4.2,Under Review,No material delay,No Major Intervention,Not Applicable
HIST-01347,Uttar Pradesh State Highway Upgradation - Phase 3,Roads,Uttar Pradesh,360.0,418.0,25,27,100.0,100.0,6,0,1,0,1,0,-6.0,3,7.7,Delayed,Land acquisition,Land Acquisition Task Force,Successful
HIST-01348,Karnataka Port Terminal Expansion - Phase 2,Ports,Karnataka,384.2,425.1,24,85,100.0,100.0,6,2,1,0,0,0,4.2,0,9.4,Completed with Cost Overrun,No material delay,No Major Intervention,Not Applicable
HIST-01349,Gujarat Runway Expansion Project - Phase 3,Airports,Gujarat,47.4,50.3,49,66,92.0,99.8,10,1,0,0,0,0,1.8,0,8.4,Completed with Cost Overrun,No material delay,No Major Intervention,Not Applicable
HIST-01350,Jharkhand Affordable Housing Scheme - Phase 3,Urban Development,Jharkhand,141.5,166.3,73,49,52.9,49.8,17,2,1,1,0,0,13.3,0,15.1,Under Review,No material delay,Inter-Department Coordination,Partially Successful
HIST-01351,Telangana Urban Renewal Mission - Phase 1,Urban Development,Telangana,96.3,109.7,59,80,100.0,100.0,12,2,1,1,0,0,12.6,3,8.2,Delayed,Land acquisition,Land Acquisition Task Force,Successful
HIST-01352,Jharkhand Urban Renewal Mission - Phase 3,Urban Development,Jharkhand,517.8,527.6,58,31,57.0,62.0,14,1,0,0,0,0,-3.5,0,1.5,Under Review,No material delay,No Major Intervention,Not Applicable
HIST-01353,Madhya Pradesh Port Connectivity Corridor - Phase 1,Ports,Madhya Pradesh,89.2,94.0,59,44,71.2,63.7,16,0,1,0,0,1,-6.3,0,3.0,Under Review,No material delay,Contractor Replacement,Successful
HIST-01354,Madhya Pradesh Railway Electrification Project - Phase 2,Railways,Madhya Pradesh,240.4,266.6,48,27,54.4,37.2,10,2,0,0,1,0,1.8,2,10.3,Under Review,Milestone slippage,Additional Funding Approval,Partially Successful
HIST-01355,Uttar Pradesh Ring Road Development - Phase 1,Roads,Uttar Pradesh,292.9,304.4,50,50,100.0,100.0,13,0,0,1,0,0,1.2,5,3.3,Under Review,Pending clearance,Inter-Department Coordination,No Significant Improvement
HIST-01356,Uttar Pradesh State Highway Upgradation - Phase 1,Roads,Uttar Pradesh,290.9,327.5,41,30,68.7,61.8,11,2,0,1,1,1,-1.9,0,10.8,Under Review,No material delay,Additional Funding Approval,No Significant Improvement
HIST-01357,Gujarat Port Terminal Expansion - Phase 1,Ports,Gujarat,111.8,114.9,17,39,100.0,100.0,5,0,1,0,0,0,-3.2,0,3.8,Completed,No material delay,No Major Intervention,Not Applicable
HIST-01358,Tamil Nadu River Interlinking Scheme - Phase 2,Water Resources,Tamil Nadu,409.8,416.6,47,67,100.0,90.2,11,0,0,0,0,0,-2.7,1,1.7,Completed,No material delay,No Major Intervention,Not Applicable
HIST-01359,Odisha Thermal Power Plant Modernisation - Phase 1,Power,Odisha,211.8,220.8,51,22,39.5,38.7,13,0,0,0,0,0,1.2,1,4.2,Under Review,No material delay,No Major Intervention,Not Applicable
HIST-01360,Haryana Freight Corridor Development - Phase 1,Railways,Haryana,464.3,476.8,66,88,84.0,83.6,18,1,0,0,0,0,4.9,0,4.3,Completed,No material delay,No Major Intervention,Not Applicable
HIST-01361,Rajasthan Smart City Development - Phase 3,Urban Development,Rajasthan,612.9,657.0,54,81,97.3,89.5,13,0,0,1,1,0,8.4,6,5.5,Delayed,Funding release,Additional Funding Approval,No Significant Improvement
HIST-01362,Telangana Rail Line Doubling - Phase 2,Railways,Telangana,1123.8,1245.3,64,26,32.5,29.1,19,1,1,0,0,0,3.9,1,8.1,Under Review,No material delay,Milestone Restructuring,Successful
HIST-01363,Andhra Pradesh Substation Capacity Expansion - Phase 3,Power,Andhra Pradesh,527.6,540.8,57,35,50.4,56.1,10,1,0,1,0,0,4.6,3,2.2,Under Review,Pending clearance,Inter-Department Coordination,Partially Successful
HIST-01364,Maharashtra Smart City Development - Phase 3,Urban Development,Maharashtra,430.6,435.4,56,85,86.1,90.8,12,1,0,0,0,0,4.2,4,1.5,Delayed,Other execution delay,No Major Intervention,Not Applicable
HIST-01365,Maharashtra Solar Power Park - Phase 3,Power,Maharashtra,3401.4,3610.7,25,8,24.7,37.7,8,0,0,0,0,1,-3.0,0,6.1,Completed with Cost Overrun,No material delay,Contractor Replacement,Partially Successful
HIST-01366,Haryana Smart City Development - Phase 2,Urban Development,Haryana,440.5,522.0,14,68,93.0,79.7,7,2,1,0,1,0,6.7,9,14.9,Delayed,Land acquisition,Land Acquisition Task Force,Partially Successful
HIST-01367,Madhya Pradesh Metro Rail Extension - Phase 2,Railways,Madhya Pradesh,393.9,393.9,56,50,89.4,85.0,11,0,0,0,0,0,-3.2,1,0.0,Under Review,No material delay,No Major Intervention,Not Applicable
HIST-01368,Rajasthan River Interlinking Scheme - Phase 2,Water Resources,Rajasthan,341.7,346.9,29,18,60.4,61.4,4,1,0,1,0,0,0.3,3,0.9,Under Review,Pending clearance,Inter-Department Coordination,Successful
HIST-01369,Uttar Pradesh Runway Expansion Project - Phase 2,Airports,Uttar Pradesh,1322.9,1376.0,33,38,85.9,100.0,10,0,0,1,0,0,3.9,0,5.0,Completed,No material delay,No Major Intervention,Not Applicable
HIST-01370,Haryana Railway Electrification Project - Phase 2,Railways,Haryana,384.5,430.2,30,76,93.3,100.0,10,0,1,0,1,0,6.8,0,11.3,Completed with Cost Overrun,No material delay,Milestone Restructuring,No Significant Improvement
HIST-01371,Andhra Pradesh Freight Corridor Development - Phase 1,Railways,Andhra Pradesh,379.2,386.6,51,35,62.1,58.2,14,1,0,0,0,0,2.8,0,2.2,Completed,No material delay,No Major Intervention,Not Applicable
HIST-01372,Tamil Nadu Expressway Corridor - Phase 2,Roads,Tamil Nadu,368.5,396.6,25,40,100.0,100.0,5,1,1,0,0,0,0.1,10,6.9,Delayed,Land acquisition,Land Acquisition Task Force,Partially Successful
HIST-01373,Tamil Nadu Ring Road Development - Phase 2,Roads,Tamil Nadu,635.2,635.6,44,62,93.5,89.6,9,2,0,1,0,0,4.7,0,0.0,Completed,No material delay,No Major Intervention,Not Applicable
HIST-01374,Odisha Sewerage Network Upgrade - Phase 1,Urban Development,Odisha,51.7,54.5,41,50,95.1,88.3,12,1,0,0,0,0,8.8,6,5.9,Delayed,Other execution delay,No Major Intervention,Not Applicable
HIST-01375,Kerala Rail Line Doubling - Phase 2,Railways,Kerala,232.2,248.7,59,54,91.8,99.0,15,0,0,0,0,1,9.0,0,7.5,Completed with Cost Overrun,No material delay,Contractor Replacement,No Significant Improvement
HIST-01376,Gujarat River Interlinking Scheme - Phase 3,Water Resources,Gujarat,458.8,495.7,51,6,17.5,15.3,13,1,1,0,0,0,4.0,1,7.0,Under Review,No material delay,Additional Funding Approval,Partially Successful
HIST-01377,Kerala Port Connectivity Corridor - Phase 2,Ports,Kerala,172.8,176.2,36,32,95.0,90.7,9,0,1,1,0,0,5.8,0,2.0,Under Review,No material delay,Milestone Restructuring,No Significant Improvement
HIST-01378,Madhya Pradesh Ring Road Development - Phase 2,Roads,Madhya Pradesh,268.4,299.1,48,69,95.3,100.0,10,0,1,1,0,0,3.0,3,8.8,Delayed,Land acquisition,Milestone Restructuring,Successful
HIST-01379,Uttar Pradesh Rail Line Doubling - Phase 3,Railways,Uttar Pradesh,775.9,897.1,78,81,100.0,100.0,19,1,1,0,0,1,6.2,0,8.1,Completed with Cost Overrun,No material delay,Contractor Replacement,Successful
HIST-01380,Uttar Pradesh Port Terminal Expansion - Phase 2,Ports,Uttar Pradesh,773.2,938.4,66,88,95.7,79.7,17,2,1,0,1,1,5.8,4,13.9,Delayed,Land acquisition,Land Acquisition Task Force,Successful
HIST-01381,Haryana National Highway Widening - Phase 1,Roads,Haryana,557.8,576.1,36,21,55.1,45.4,7,1,0,0,0,0,-2.6,1,4.1,Completed,No material delay,No Major Intervention,Not Applicable
HIST-01382,Haryana Transmission Line Augmentation - Phase 1,Power,Haryana,1347.0,1462.1,41,69,100.0,100.0,6,0,1,0,0,0,-1.5,0,8.7,Completed with Cost Overrun,No material delay,No Major Intervention,Not Applicable
HIST-01383,Gujarat Expressway Corridor - Phase 2,Roads,Gujarat,205.2,212.1,49,49,100.0,95.8,9,0,1,0,0,0,-1.7,3,0.2,Delayed,Land acquisition,Land Acquisition Task Force,Successful
HIST-01384,West Bengal Ring Road Development - Phase 3,Roads,West Bengal,116.6,132.4,45,10,16.5,17.9,11,2,1,1,0,0,-1.7,0,14.2,Under Review,No material delay,Land Acquisition Task Force,No Significant Improvement
HIST-01385,Karnataka Sewerage Network Upgrade - Phase 1,Urban Development,Karnataka,310.8,310.8,64,53,77.2,77.7,18,0,0,0,0,0,-2.4,0,0.5,Completed,No material delay,No Major Intervention,Not Applicable
HIST-01386,Bihar Freight Corridor Development - Phase 2,Railways,Bihar,633.9,768.1,41,14,27.5,27.3,7,5,1,0,0,1,16.2,8,11.8,Under Review,Land acquisition,Land Acquisition Task Force,Successful
HIST-01387,Jharkhand Freight Corridor Development - Phase 3,Railways,Jharkhand,513.4,575.9,33,86,100.0,93.9,7,1,1,0,0,0,7.3,4,5.5,Delayed,Land acquisition,Land Acquisition Task Force,Successful
HIST-01388,Karnataka Ring Road Development - Phase 1,Roads,Karnataka,194.1,203.6,33,37,91.7,89.5,5,1,0,0,0,0,5.1,1,3.4,Under Review,No material delay,No Major Intervention,Not Applicable
HIST-01389,Madhya Pradesh Substation Capacity Expansion - Phase 2,Power,Madhya Pradesh,479.0,547.7,22,61,89.4,76.6,4,1,1,0,1,0,4.0,5,7.7,Delayed,Land acquisition,Land Acquisition Task Force,Successful
HIST-01390,Gujarat Affordable Housing Scheme - Phase 3,Urban Development,Gujarat,183.0,202.6,37,32,76.3,74.6,9,2,0,0,0,1,4.4,3,11.1,Under Review,Milestone slippage,Contractor Replacement,Partially Successful
HIST-01391,Odisha Railway Electrification Project - Phase 2,Railways,Odisha,95.2,98.4,62,74,94.0,98.3,16,0,1,0,0,0,0.8,3,2.9,Delayed,Land acquisition,Land Acquisition Task Force,Partially Successful
HIST-01392,Uttar Pradesh Urban Renewal Mission - Phase 1,Urban Development,Uttar Pradesh,670.9,670.9,19,77,100.0,100.0,5,0,0,0,0,0,2.9,0,0.8,Completed,No material delay,No Major Intervention,Not Applicable
HIST-01393,Kerala National Highway Widening - Phase 2,Roads,Kerala,515.7,559.5,61,49,88.5,92.0,14,1,0,0,1,0,3.4,1,7.8,Completed with Cost Overrun,No material delay,Additional Funding Approval,No Significant Improvement
HIST-01394,Gujarat Airport Terminal Development - Phase 2,Airports,Gujarat,420.9,426.3,32,69,100.0,100.0,8,0,0,1,0,0,-1.0,0,0.1,Completed,No material delay,Inter-Department Coordination,Successful
HIST-01395,Madhya Pradesh Runway Expansion Project - Phase 1,Airports,Madhya Pradesh,354.3,363.1,53,29,62.7,64.7,15,0,0,0,0,0,-3.0,1,1.3,Under Review,No material delay,No Major Intervention,Not Applicable
HIST-01396,Andhra Pradesh Solar Power Park - Phase 3,Power,Andhra Pradesh,295.5,316.6,73,67,91.4,100.0,15,0,0,0,0,1,9.9,0,4.3,Completed,No material delay,Contractor Replacement,Partially Successful
HIST-01397,Uttar Pradesh Freight Corridor Development - Phase 3,Railways,Uttar Pradesh,254.2,269.0,41,77,94.0,100.0,7,0,1,1,0,0,-3.6,0,4.5,Completed,No material delay,Inter-Department Coordination,Successful
HIST-01398,Gujarat Airport Cargo Complex - Phase 3,Airports,Gujarat,259.0,260.5,44,82,89.1,98.3,14,1,0,0,0,0,-0.6,3,0.0,Delayed,Other execution delay,No Major Intervention,Not Applicable
HIST-01399,Kerala Airport Terminal Development - Phase 1,Airports,Kerala,123.9,130.5,73,54,69.2,67.7,22,1,0,0,0,1,-1.4,1,5.4,Under Review,No material delay,Contractor Replacement,No Significant Improvement
HIST-01400,West Bengal Ring Road Development - Phase 1,Roads,West Bengal,112.3,120.3,68,57,79.5,76.4,17,1,0,0,0,1,1.7,2,7.0,Delayed,Contractor performance,Contractor Replacement,Partially Successful
HIST-01401,Jharkhand Port Connectivity Corridor - Phase 3,Ports,Jharkhand,168.5,187.5,32,57,100.0,100.0,10,0,1,0,0,0,4.8,5,9.1,Delayed,Land acquisition,Land Acquisition Task Force,Partially Successful
HIST-01402,Telangana Airport Cargo Complex - Phase 1,Airports,Telangana,71.2,80.9,63,60,99.8,100.0,15,0,0,0,1,1,-1.8,0,11.2,Completed with Cost Overrun,No material delay,Additional Funding Approval,Partially Successful
HIST-01403,Andhra Pradesh Irrigation Canal Modernisation - Phase 3,Water Resources,Andhra Pradesh,465.5,529.6,36,75,83.2,79.2,9,3,1,0,0,0,9.4,4,8.8,Delayed,Land acquisition,Land Acquisition Task Force,Successful
HIST-01404,Madhya Pradesh Expressway Corridor - Phase 1,Roads,Madhya Pradesh,225.6,238.5,58,58,100.0,95.8,13,1,1,0,0,0,-3.1,6,4.8,Under Review,Land acquisition,Land Acquisition Task Force,No Significant Improvement
HIST-01405,West Bengal Rail Line Doubling - Phase 2,Railways,West Bengal,51.3,51.3,26,26,100.0,100.0,4,0,0,0,0,0,-0.6,1,0.0,Completed,No material delay,Additional Funding Approval,Successful
HIST-01406,Rajasthan Airport Terminal Development - Phase 2,Airports,Rajasthan,148.9,158.1,64,72,100.0,88.1,15,0,0,0,0,0,-3.2,0,5.0,Completed,No material delay,No Major Intervention,Not Applicable
HIST-01407,Telangana Urban Renewal Mission - Phase 1,Urban Development,Telangana,391.8,408.9,19,10,50.3,50.0,6,1,0,0,1,0,1.5,0,3.4,Under Review,No material delay,Additional Funding Approval,Partially Successful
HIST-01408,Madhya Pradesh National Highway Widening - Phase 2,Roads,Madhya Pradesh,574.6,576.8,22,33,100.0,99.2,9,0,0,0,0,0,4.9,0,0.0,Completed,No material delay,No Major Intervention,Not Applicable
HIST-01409,Andhra Pradesh Dam Rehabilitation Project - Phase 1,Water Resources,Andhra Pradesh,236.4,263.9,26,88,96.5,94.4,6,0,1,0,1,0,-6.0,0,6.8,Completed with Cost Overrun,No material delay,Additional Funding Approval,Successful
HIST-01410,Jharkhand Ring Road Development - Phase 1,Roads,Jharkhand,311.4,325.9,36,46,100.0,97.7,8,0,0,0,0,0,-4.5,0,5.0,Completed,No material delay,No Major Intervention,Not Applicable
HIST-01411,Odisha State Highway Upgradation - Phase 3,Roads,Odisha,610.7,623.1,26,34,98.5,100.0,8,0,0,1,0,0,2.0,0,0.8,Completed,No material delay,No Major Intervention,Not Applicable
HIST-01412,Karnataka Water Supply Augmentation - Phase 2,Water Resources,Karnataka,364.9,384.8,27,36,100.0,88.7,8,0,1,0,0,0,1.8,0,4.3,Completed,No material delay,No Major Intervention,Not Applicable
HIST-01413,Haryana State Highway Upgradation - Phase 2,Roads,Haryana,971.7,1152.4,29,6,15.8,0.1,8,2,0,0,1,1,4.6,5,20.7,Under Review,Milestone slippage,Additional Funding Approval,No Significant Improvement
HIST-01414,Haryana Runway Expansion Project - Phase 2,Airports,Haryana,950.6,976.0,50,22,53.2,58.1,15,1,0,0,0,0,6.4,1,2.1,Under Review,No material delay,No Major Intervention,Not Applicable
HIST-01415,Andhra Pradesh Urban Renewal Mission - Phase 1,Urban Development,Andhra Pradesh,706.3,745.0,48,67,94.4,79.9,12,0,0,0,0,0,5.5,0,5.3,Completed with Cost Overrun,No material delay,No Major Intervention,Not Applicable
HIST-01416,Madhya Pradesh Smart City Development - Phase 1,Urban Development,Madhya Pradesh,92.2,98.0,55,44,85.5,84.4,13,1,0,0,0,0,-2.6,1,7.3,Completed with Cost Overrun,No material delay,No Major Intervention,Not Applicable
HIST-01417,Rajasthan Water Supply Augmentation - Phase 3,Water Resources,Rajasthan,74.4,75.5,47,32,69.2,59.4,11,0,0,0,0,0,-0.7,1,2.6,Completed,No material delay,No Major Intervention,Not Applicable
HIST-01418,West Bengal Thermal Power Plant Modernisation - Phase 3,Power,West Bengal,69.5,69.8,33,22,67.2,61.7,13,0,0,0,1,0,-8.0,0,1.4,Under Review,No material delay,Additional Funding Approval,Successful
HIST-01419,Maharashtra Ring Road Development - Phase 2,Roads,Maharashtra,186.8,209.1,64,62,89.2,84.4,16,0,1,0,1,0,-4.7,3,10.4,Delayed,Land acquisition,Land Acquisition Task Force,Partially Successful
HIST-01420,Telangana Rail Line Doubling - Phase 2,Railways,Telangana,539.3,597.2,51,21,35.1,42.9,13,2,0,1,0,1,7.9,8,10.2,Under Review,Milestone slippage,Contractor Replacement,No Significant Improvement
HIST-01421,Karnataka National Highway Widening - Phase 1,Roads,Karnataka,225.6,249.8,52,83,95.6,87.0,12,2,1,1,0,1,5.4,1,7.4,Completed with Cost Overrun,No material delay,Contractor Replacement,Successful
HIST-01422,Gujarat Rail Line Doubling - Phase 2,Railways,Gujarat,155.4,155.4,43,11,18.3,18.7,10,1,0,0,0,0,-5.5,0,0.0,Completed,No material delay,No Major Intervention,Not Applicable
HIST-01423,Tamil Nadu Metro Rail Extension - Phase 2,Railways,Tamil Nadu,135.8,145.1,51,26,59.8,65.2,12,2,0,0,0,0,8.1,3,6.4,Under Review,Milestone slippage,No Major Intervention,Not Applicable
HIST-01424,Telangana Freight Corridor Development - Phase 1,Railways,Telangana,305.2,350.3,12,56,87.2,82.0,4,2,0,1,0,1,11.6,0,11.7,Completed with Cost Overrun,No material delay,Contractor Replacement,Partially Successful
HIST-01425,Karnataka Transmission Line Augmentation - Phase 3,Power,Karnataka,240.1,292.3,28,72,88.3,93.9,8,2,0,0,1,1,4.1,0,12.0,Completed with Cost Overrun,No material delay,Additional Funding Approval,Successful
HIST-01426,Odisha Ring Road Development - Phase 1,Roads,Odisha,97.7,111.1,42,87,97.2,81.2,10,0,1,1,0,0,-2.9,5,8.3,Delayed,Land acquisition,Land Acquisition Task Force,Successful
HIST-01427,Madhya Pradesh Solar Power Park - Phase 2,Power,Madhya Pradesh,428.7,453.0,43,7,21.4,25.1,9,0,0,0,0,0,-6.6,1,5.7,Under Review,No material delay,No Major Intervention,Not Applicable
HIST-01428,Gujarat Water Supply Augmentation - Phase 3,Water Resources,Gujarat,291.7,318.8,46,33,60.3,47.0,12,2,1,0,0,1,7.3,5,3.5,Under Review,Land acquisition,Land Acquisition Task Force,Successful
HIST-01429,Maharashtra Solar Power Park - Phase 3,Power,Maharashtra,49.2,51.7,64,85,96.1,95.3,14,1,1,0,0,0,-1.6,3,2.6,Delayed,Land acquisition,Land Acquisition Task Force,Successful
HIST-01430,Uttar Pradesh State Highway Upgradation - Phase 1,Roads,Uttar Pradesh,285.2,323.0,61,38,53.1,65.8,16,2,0,0,0,1,6.6,1,12.2,Under Review,No material delay,Contractor Replacement,No Significant Improvement
HIST-01431,Gujarat State Highway Upgradation - Phase 3,Roads,Gujarat,210.0,215.3,49,37,76.9,81.4,10,0,0,1,0,0,1.7,0,2.7,Completed,No material delay,No Major Intervention,Not Applicable
HIST-01432,Kerala Thermal Power Plant Modernisation - Phase 3,Power,Kerala,146.5,159.6,46,84,97.4,100.0,12,3,0,0,0,0,7.2,2,7.9,Under Review,Milestone slippage,Milestone Restructuring,No Significant Improvement
HIST-01433,Madhya Pradesh Freight Corridor Development - Phase 1,Railways,Madhya Pradesh,121.4,134.0,12,35,98.1,100.0,4,2,1,0,0,0,3.1,4,5.2,Delayed,Land acquisition,Land Acquisition Task Force,Successful
HIST-01434,Andhra Pradesh National Highway Widening - Phase 3,Roads,Andhra Pradesh,286.2,317.4,28,47,98.8,100.0,8,2,1,0,0,0,10.7,10,10.5,Delayed,Land acquisition,Land Acquisition Task Force,No Significant Improvement
HIST-01435,Madhya Pradesh Dam Rehabilitation Project - Phase 1,Water Resources,Madhya Pradesh,184.4,197.9,44,72,100.0,89.7,10,1,1,1,0,0,-1.0,5,6.0,Delayed,Land acquisition,Contractor Replacement,Successful
HIST-01436,Rajasthan Affordable Housing Scheme - Phase 3,Urban Development,Rajasthan,289.6,335.1,58,75,95.2,88.2,20,0,1,1,0,1,0.6,0,16.0,Completed with Cost Overrun,No material delay,Contractor Replacement,No Significant Improvement
HIST-01437,Telangana Rail Line Doubling - Phase 3,Railways,Telangana,194.6,201.2,45,30,78.8,86.6,14,2,0,0,0,0,6.5,1,4.6,Under Review,No material delay,No Major Intervention,Not Applicable
HIST-01438,Haryana Sewerage Network Upgrade - Phase 1,Urban Development,Haryana,280.8,305.8,51,47,100.0,91.1,11,1,1,0,0,0,2.8,3,4.7,Delayed,Land acquisition,Land Acquisition Task Force,Successful
HIST-01439,Kerala Substation Capacity Expansion - Phase 2,Power,Kerala,172.7,178.4,60,22,31.8,27.3,17,1,0,0,0,0,1.3,1,2.3,Under Review,No material delay,No Major Intervention,Not Applicable
HIST-01440,Kerala Port Connectivity Corridor - Phase 1,Ports,Kerala,106.1,109.7,63,9,13.3,3.5,14,1,1,0,0,0,-10.9,3,3.4,Under Review,Land acquisition,Land Acquisition Task Force,Partially Successful
HIST-01441,Maharashtra Port Terminal Expansion - Phase 1,Ports,Maharashtra,1157.4,1258.1,46,39,81.7,85.5,15,1,1,0,0,0,8.1,3,4.8,Under Review,Land acquisition,Land Acquisition Task Force,Successful
HIST-01442,Karnataka National Highway Widening - Phase 3,Roads,Karnataka,569.0,589.6,36,57,100.0,100.0,10,0,0,0,0,0,2.6,0,3.4,Completed,No material delay,No Major Intervention,Not Applicable
HIST-01443,Kerala Urban Renewal Mission - Phase 3,Urban Development,Kerala,1273.7,1282.3,31,79,95.3,76.0,5,0,0,1,0,0,0.3,1,1.7,Completed,No material delay,No Major Intervention,Not Applicable
HIST-01444,Karnataka Thermal Power Plant Modernisation - Phase 1,Power,Karnataka,216.8,229.1,12,24,100.0,99.7,4,1,1,0,0,0,4.4,0,5.5,Completed with Cost Overrun,No material delay,No Major Intervention,Not Applicable
HIST-01445,Bihar Rail Line Doubling - Phase 1,Railways,Bihar,2461.0,2565.2,49,47,99.2,98.6,15,0,0,0,0,0,-4.5,1,4.2,Completed,No material delay,No Major Intervention,Not Applicable
HIST-01446,Tamil Nadu Rail Line Doubling - Phase 3,Railways,Tamil Nadu,123.0,130.2,73,19,20.5,20.3,17,0,1,1,0,0,-2.9,0,5.8,Under Review,No material delay,Inter-Department Coordination,Partially Successful
HIST-01447,Telangana National Highway Widening - Phase 2,Roads,Telangana,240.9,250.9,37,13,34.2,52.4,9,1,0,0,0,1,-0.2,1,2.8,Under Review,No material delay,Contractor Replacement,Successful
HIST-01448,Andhra Pradesh Rail Line Doubling - Phase 3,Railways,Andhra Pradesh,175.1,188.3,35,28,70.3,63.0,6,2,1,0,0,0,3.9,4,4.5,Delayed,Land acquisition,Land Acquisition Task Force,Successful
HIST-01449,West Bengal Dam Rehabilitation Project - Phase 3,Water Resources,West Bengal,257.2,260.0,42,57,100.0,99.9,12,0,0,0,0,0,-4.1,1,1.3,Completed,No material delay,No Major Intervention,Not Applicable
HIST-01450,Madhya Pradesh Rail Line Doubling - Phase 3,Railways,Madhya Pradesh,678.1,678.1,47,66,96.8,98.4,12,0,0,0,0,0,7.7,0,0.5,Completed,No material delay,No Major Intervention,Not Applicable
HIST-01451,Karnataka Runway Expansion Project - Phase 2,Airports,Karnataka,446.2,452.0,12,46,95.2,87.2,4,0,0,0,0,0,2.8,3,0.7,Delayed,Other execution delay,No Major Intervention,Not Applicable
HIST-01452,Rajasthan Metro Rail Extension - Phase 2,Railways,Rajasthan,502.9,533.7,36,85,100.0,100.0,11,2,0,0,0,0,6.8,8,5.8,Delayed,Milestone slippage,No Major Intervention,Not Applicable
HIST-01453,Karnataka Railway Electrification Project - Phase 3,Railways,Karnataka,590.6,612.2,64,63,95.2,87.5,18,0,0,0,0,0,1.0,1,3.6,Under Review,No material delay,No Major Intervention,Not Applicable
HIST-01454,Jharkhand Airport Cargo Complex - Phase 2,Airports,Jharkhand,195.5,201.4,61,9,23.9,6.9,16,0,1,0,0,0,-7.1,1,3.2,Under Review,No material delay,No Major Intervention,Not Applicable
HIST-01455,Andhra Pradesh National Highway Widening - Phase 2,Roads,Andhra Pradesh,190.2,194.3,34,51,97.7,97.6,7,2,0,1,0,0,7.2,1,2.0,Completed,No material delay,No Major Intervention,Not Applicable
HIST-01456,Andhra Pradesh Water Supply Augmentation - Phase 3,Water Resources,Andhra Pradesh,333.8,386.3,35,41,100.0,93.5,10,1,1,1,0,1,6.8,8,14.4,Delayed,Land acquisition,Land Acquisition Task Force,No Significant Improvement
HIST-01457,Jharkhand Expressway Corridor - Phase 2,Roads,Jharkhand,793.8,854.0,36,70,100.0,95.8,8,0,1,1,0,0,-0.6,1,2.7,Completed,No material delay,Land Acquisition Task Force,Successful
HIST-01458,Gujarat Expressway Corridor - Phase 1,Roads,Gujarat,123.0,127.3,44,13,30.6,25.5,12,0,0,0,0,0,-4.5,0,3.8,Completed,No material delay,No Major Intervention,Not Applicable
HIST-01459,West Bengal National Highway Widening - Phase 1,Roads,West Bengal,115.2,119.8,27,19,69.7,81.4,8,0,0,0,0,0,-1.1,0,4.5,Under Review,No material delay,No Major Intervention,Not Applicable
HIST-01460,Andhra Pradesh Runway Expansion Project - Phase 3,Airports,Andhra Pradesh,1295.9,1416.6,30,80,90.4,93.1,10,0,1,0,0,0,1.3,2,8.2,Delayed,Land acquisition,No Major Intervention,Not Applicable
HIST-01461,Uttar Pradesh Sewerage Network Upgrade - Phase 1,Urban Development,Uttar Pradesh,316.6,332.0,45,58,91.3,98.7,10,0,0,0,0,0,2.6,1,4.8,Completed,No material delay,No Major Intervention,Not Applicable
HIST-01462,Rajasthan National Highway Widening - Phase 2,Roads,Rajasthan,359.6,363.5,52,11,30.6,30.8,13,1,0,0,0,0,0.4,0,1.5,Under Review,No material delay,No Major Intervention,Not Applicable
HIST-01463,Jharkhand National Highway Widening - Phase 3,Roads,Jharkhand,339.3,367.6,47,41,84.8,89.5,9,2,0,0,0,1,7.9,4,5.9,Delayed,Milestone slippage,Contractor Replacement,Partially Successful
HIST-01464,Tamil Nadu Expressway Corridor - Phase 2,Roads,Tamil Nadu,257.4,267.4,43,70,100.0,87.8,11,0,0,0,0,0,4.1,0,4.2,Completed,No material delay,Contractor Replacement,No Significant Improvement
HIST-01465,Maharashtra National Highway Widening - Phase 2,Roads,Maharashtra,151.2,157.9,25,42,99.9,87.4,11,0,0,0,0,0,1.2,1,5.3,Completed with Cost Overrun,No material delay,No Major Intervention,Not Applicable
HIST-01466,Rajasthan Ring Road Development - Phase 1,Roads,Rajasthan,527.7,536.6,42,11,44.5,51.7,9,1,0,0,0,0,-1.3,0,1.1,Under Review,No material delay,Additional Funding Approval,No Significant Improvement
HIST-01467,Tamil Nadu River Interlinking Scheme - Phase 1,Water Resources,Tamil Nadu,360.3,403.2,24,44,100.0,100.0,7,1,1,1,0,0,-0.8,1,5.7,Completed with Cost Overrun,No material delay,Land Acquisition Task Force,Successful
HIST-01468,Jharkhand National Highway Widening - Phase 1,Roads,Jharkhand,208.6,239.9,48,71,97.3,90.2,12,0,1,1,0,0,-3.8,7,13.3,Delayed,Land acquisition,Land Acquisition Task Force,Partially Successful
HIST-01469,Uttar Pradesh Water Supply Augmentation - Phase 2,Water Resources,Uttar Pradesh,748.3,780.2,92,18,18.4,26.2,25,0,1,0,0,0,-6.2,0,3.8,Under Review,No material delay,No Major Intervention,Not Applicable
HIST-01470,Kerala Transmission Line Augmentation - Phase 1,Power,Kerala,117.2,125.6,31,37,96.0,89.8,10,3,0,0,0,0,11.6,2,2.6,Delayed,Milestone slippage,Milestone Restructuring,Successful
HIST-01471,Tamil Nadu Thermal Power Plant Modernisation - Phase 1,Power,Tamil Nadu,295.8,301.6,46,73,99.3,100.0,14,0,0,0,0,0,1.1,3,2.1,Delayed,Other execution delay,No Major Intervention,Not Applicable
HIST-01472,Madhya Pradesh National Highway Widening - Phase 3,Roads,Madhya Pradesh,1333.1,1366.6,24,22,99.2,100.0,6,2,0,0,0,0,11.8,1,3.3,Under Review,No material delay,Contractor Replacement,Partially Successful
HIST-01473,Madhya Pradesh Airport Cargo Complex - Phase 1,Airports,Madhya Pradesh,147.9,167.1,43,29,62.4,48.0,11,3,0,0,1,0,9.0,5,10.4,Under Review,Milestone slippage,Additional Funding Approval,Partially Successful
HIST-01474,Bihar Smart City Development - Phase 1,Urban Development,Bihar,299.6,316.0,51,74,100.0,100.0,12,0,1,0,0,0,-7.2,3,4.1,Delayed,Land acquisition,Land Acquisition Task Force,Successful
HIST-01475,Bihar Airport Terminal Development - Phase 2,Airports,Bihar,289.6,296.3,33,14,62.8,63.9,10,0,0,0,0,0,-5.7,0,3.0,Completed,No material delay,No Major Intervention,Not Applicable
HIST-01476,Odisha Dam Rehabilitation Project - Phase 2,Water Resources,Odisha,370.1,391.4,89,78,86.7,97.2,23,1,0,1,0,0,6.1,0,5.6,Completed with Cost Overrun,No material delay,No Major Intervention,Not Applicable
HIST-01477,Andhra Pradesh National Highway Widening - Phase 1,Roads,Andhra Pradesh,138.9,143.2,27,50,95.0,88.2,9,0,0,0,0,0,0.2,0,1.9,Completed,No material delay,Contractor Replacement,Successful
HIST-01478,Bihar Water Supply Augmentation - Phase 3,Water Resources,Bihar,142.2,149.5,57,24,45.9,65.4,14,0,0,0,0,0,3.3,1,2.6,Under Review,No material delay,No Major Intervention,Not Applicable
HIST-01479,Uttar Pradesh Rail Line Doubling - Phase 2,Railways,Uttar Pradesh,95.3,99.2,13,32,100.0,99.6,4,0,0,1,0,1,-1.6,0,2.7,Completed,No material delay,Milestone Restructuring,Partially Successful
HIST-01480,Madhya Pradesh Substation Capacity Expansion - Phase 2,Power,Madhya Pradesh,154.8,156.4,68,46,59.2,68.4,18,1,0,0,0,0,2.7,0,0.0,Under Review,No material delay,No Major Intervention,Not Applicable
HIST-01481,Andhra Pradesh Container Yard Development - Phase 3,Ports,Andhra Pradesh,194.8,195.5,41,89,100.0,97.3,11,1,0,0,0,1,-0.6,0,1.5,Completed,No material delay,Contractor Replacement,No Significant Improvement
HIST-01482,West Bengal Urban Renewal Mission - Phase 2,Urban Development,West Bengal,123.0,131.4,42,18,42.4,44.5,9,0,0,0,0,0,1.2,0,6.2,Under Review,No material delay,No Major Intervention,Not Applicable
HIST-01483,Bihar Expressway Corridor - Phase 3,Roads,Bihar,222.5,236.9,62,37,50.8,50.9,17,0,1,0,1,0,3.3,4,3.4,Under Review,Land acquisition,Land Acquisition Task Force,Successful
HIST-01484,Gujarat Smart City Development - Phase 1,Urban Development,Gujarat,594.3,594.3,25,53,100.0,92.4,6,1,0,0,0,0,0.8,0,1.3,Completed,No material delay,No Major Intervention,Not Applicable
HIST-01485,Uttar Pradesh River Interlinking Scheme - Phase 3,Water Resources,Uttar Pradesh,130.1,131.4,60,16,25.7,14.9,13,0,0,0,0,0,-6.2,0,0.2,Under Review,No material delay,No Major Intervention,Not Applicable
HIST-01486,Uttar Pradesh Substation Capacity Expansion - Phase 1,Power,Uttar Pradesh,1372.1,1391.5,55,12,25.1,31.6,12,0,0,0,0,0,6.0,0,0.6,Under Review,No material delay,No Major Intervention,Not Applicable
HIST-01487,Telangana Airport Cargo Complex - Phase 1,Airports,Telangana,165.5,173.4,13,53,89.7,70.9,9,0,0,0,1,0,-4.5,0,4.8,Completed,No material delay,Milestone Restructuring,No Significant Improvement
HIST-01488,Telangana Thermal Power Plant Modernisation - Phase 2,Power,Telangana,306.2,346.9,34,44,83.8,97.2,8,3,0,0,0,1,16.8,0,11.5,Completed with Cost Overrun,No material delay,Contractor Replacement,Partially Successful
HIST-01489,Haryana River Interlinking Scheme - Phase 1,Water Resources,Haryana,560.1,569.4,46,42,66.3,52.8,11,1,0,0,0,0,4.5,1,3.1,Completed,No material delay,No Major Intervention,Not Applicable
HIST-01490,Telangana Container Yard Development - Phase 2,Ports,Telangana,473.5,483.9,47,84,88.5,86.8,10,1,0,0,0,0,6.6,0,2.5,Completed,No material delay,No Major Intervention,Not Applicable
HIST-01491,Gujarat Urban Renewal Mission - Phase 1,Urban Development,Gujarat,898.8,928.2,44,8,13.0,6.7,14,1,0,0,0,0,3.8,4,4.7,Under Review,Other execution delay,No Major Intervention,Not Applicable
HIST-01492,Haryana National Highway Widening - Phase 2,Roads,Haryana,147.5,156.2,45,8,18.8,12.0,9,1,1,0,0,1,5.9,0,2.1,Under Review,No material delay,Contractor Replacement,Successful
HIST-01493,Odisha Metro Rail Extension - Phase 1,Railways,Odisha,53.2,55.9,43,12,12.3,8.0,10,3,0,1,0,0,-0.1,0,4.0,Under Review,No material delay,Milestone Restructuring,Partially Successful
HIST-01494,Rajasthan Affordable Housing Scheme - Phase 3,Urban Development,Rajasthan,239.6,250.5,44,73,99.0,97.6,11,1,0,0,1,0,7.6,0,3.6,Completed,No material delay,Additional Funding Approval,Partially Successful
HIST-01495,Haryana River Interlinking Scheme - Phase 1,Water Resources,Haryana,350.2,374.5,56,47,91.3,80.4,15,1,0,0,1,0,-3.4,0,5.3,Under Review,No material delay,Additional Funding Approval,Successful
HIST-01496,Haryana National Highway Widening - Phase 3,Roads,Haryana,172.1,179.2,54,28,54.3,52.4,12,1,0,1,0,0,10.5,0,1.4,Completed,No material delay,No Major Intervention,Not Applicable
HIST-01497,Telangana Airport Terminal Development - Phase 3,Airports,Telangana,724.9,746.5,34,12,37.9,17.9,10,1,0,0,0,0,-3.0,0,3.5,Under Review,No material delay,No Major Intervention,Not Applicable
HIST-01498,Andhra Pradesh State Highway Upgradation - Phase 1,Roads,Andhra Pradesh,274.5,283.3,36,66,96.5,87.5,11,1,1,0,0,0,2.6,7,4.9,Delayed,Land acquisition,Land Acquisition Task Force,No Significant Improvement
HIST-01499,Jharkhand Metro Rail Extension - Phase 1,Railways,Jharkhand,494.3,556.8,34,73,81.9,72.8,7,2,1,1,0,0,-3.3,11,12.4,Delayed,Land acquisition,Land Acquisition Task Force,No Significant Improvement
HIST-01500,Haryana Thermal Power Plant Modernisation - Phase 3,Power,Haryana,213.7,234.4,35,75,82.3,85.2,8,4,0,0,0,0,11.5,0,4.1,Completed,No material delay,Milestone Restructuring,Successful
